NE-text,NE-type,NE-count
10.1002,CARDINAL,1
Tong,GPE,1
Li,PERSON,3
Beijing,GPE,2
China,GPE,3
Australia,GPE,1
"University of California,",ORG,1
California,GPE,1
3,CARDINAL,15
first,ORDINAL,10
only one,CARDINAL,2
95%,PERCENT,2
1,CARDINAL,37
AI,ORG,4
2021,DATE,23
5,DATE,26
Aalborg University Library,ORG,23
Wiley Online Library,ORG,46
OA,ORG,23
Creative Commons License,PERSON,23
2,CARDINAL,32
three,CARDINAL,4
2.,CARDINAL,1
four,CARDINAL,4
100,CARDINAL,3
Section 2,LAW,1
Section 3,LAW,1
Section 4,LAW,1
Section 5,LAW,1
6,CARDINAL,8
Section 7,LAW,1
Section 8,LAW,1
2.1,CARDINAL,1
∈,PERSON,3
0,CARDINAL,15
Markov,PERSON,1
State,ORG,2
N,ORG,2
4,CARDINAL,8
2.2,CARDINAL,1
two,CARDINAL,5
0,DATE,1
one,CARDINAL,2
⎡,PERSON,4
10,CARDINAL,7
5,CARDINAL,15
3.1,CARDINAL,1
Target,ORG,1
3.2,CARDINAL,1
"10,000",CARDINAL,1
3.3,CARDINAL,1
7,CARDINAL,3
First,ORDINAL,1
4.1,CARDINAL,1
8),CARDINAL,1
4.2,CARDINAL,1
9,CARDINAL,5
linear,ORG,1
11,CARDINAL,3
12,CARDINAL,5
≥,PERSON,1
13,CARDINAL,3
14,CARDINAL,1
15,CARDINAL,10
Algorithm 1,PRODUCT,2
90,DATE,1
6,DATE,2
7,DATE,2
8,DATE,2
14,DATE,2
16,DATE,1
17,CARDINAL,2
18,CARDINAL,3
4.4,CARDINAL,1
CA,ORG,5
16,CARDINAL,2
2,DATE,5
8,CARDINAL,7
20,CARDINAL,7
21,CARDINAL,2
22,DATE,1
23,CARDINAL,1
24,DATE,1
26,CARDINAL,1
27,DATE,1
28,CARDINAL,1
29,CARDINAL,1
30,DATE,1
19,CARDINAL,3
max,PERSON,2
Algorithm 2,FAC,2
Algorithm 2,PRODUCT,1
5.1,CARDINAL,1
Table 1,FAC,1
10,DATE,4
15,DATE,4
20,DATE,1
CPU,ORG,1
RAM,ORG,1
32,CARDINAL,1
GB,GPE,1
GPU,ORG,1
2.7,CARDINAL,1
Section 4.4,LAW,1
5.2,CARDINAL,1
Table 2,PRODUCT,1
3,DATE,2
4,DATE,3
8),DATE,2
0.30,CARDINAL,2
2.75,CARDINAL,1
0.80,CARDINAL,3
0.60,CARDINAL,4
6.10,CARDINAL,1
4.75,CARDINAL,1
6.00,CARDINAL,1
0.90,CARDINAL,1
6.15,CARDINAL,1
5.15,CARDINAL,1
0.85,CARDINAL,1
0.8,DATE,1
4.00,CARDINAL,1
N,GPE,1
0.37,CARDINAL,3
0.36,CARDINAL,4
0.35,CARDINAL,6
0.33,CARDINAL,5
0.44,CARDINAL,1
0.42,CARDINAL,1
7.1,CARDINAL,1
87%,PERCENT,1
Wang,ORG,1
Lin,PERSON,2
Huang,PERSON,2
Mirjalili,PERSON,1
Eykholt,PERSON,1
CNN,ORG,2
Ma,PERSON,1
Linear,ORG,1
hundreds,CARDINAL,1
Cambridge University,ORG,1
1989,DATE,1
2017,DATE,1
2021,DATE,1
2019,DATE,18
second,ORDINAL,6
recent years,DATE,1
RSS,ORG,3
Elia Kaufmann,PERSON,1
Switzerland,GPE,1
Moon,PERSON,1
1,CARDINAL,18
123,CARDINAL,14
GPSdenied,ORG,1
SLAM,ORG,1
2016,DATE,2
2007,DATE,1
2015,DATE,6
2018,DATE,19
Li,PERSON,3
Kaufmann et al.,PERSON,3
CNN,ORG,3
2012,DATE,5
Mueller,ORG,1
Gao,PERSON,4
2020,DATE,10
2013,DATE,2
two,CARDINAL,13
Kalman,PERSON,5
2006,DATE,2
Sect.,GPE,3
4,CARDINAL,11
8.1,CARDINAL,2
5,DATE,3
6,CARDINAL,11
8.3,CARDINAL,2
2,CARDINAL,20
2.1,CARDINAL,1
more than 400,CARDINAL,1
nine,CARDINAL,1
three,CARDINAL,4
six,CARDINAL,2
2.2,CARDINAL,1
Fig,PERSON,23
Table 1,FAC,1
B.,ORG,2
2017,DATE,7
1993,DATE,4
0,CARDINAL,9
0,DATE,3
3,CARDINAL,13
3.1,CARDINAL,1
3.2,CARDINAL,1
State,ORG,3
130,CARDINAL,1
3.3,CARDINAL,1
N,ORG,1
3.4,CARDINAL,1
eight,CARDINAL,1
CPU,ORG,1
four,CARDINAL,7
Gaussian,NORP,4
4th,ORDINAL,1
one,CARDINAL,5
4.1,CARDINAL,1
3rd,ORDINAL,1
4.1.1,CARDINAL,1
7,CARDINAL,6
∈,PERSON,2
10,CARDINAL,3
fourth,ORDINAL,2
third,ORDINAL,3
2D,ORG,1
4.2,CARDINAL,2
4.,CARDINAL,1
5,CARDINAL,7
8),CARDINAL,2
4.3,CARDINAL,1
12,CARDINAL,5
18,DATE,2
24,DATE,2
32,DATE,2
32,CARDINAL,3
3,DATE,3
fed,ORG,1
9,CARDINAL,2
11,CARDINAL,1
Hk,PERSON,1
1 −,CARDINAL,1
13,CARDINAL,1
14,CARDINAL,3
⎡,PERSON,2
15,CARDINAL,1
5.1,CARDINAL,1
2010,DATE,1
16,CARDINAL,2
17,CARDINAL,1
18,CARDINAL,1
19,CARDINAL,1
20,CARDINAL,2
5.1.2,CARDINAL,1
21,CARDINAL,1
22,CARDINAL,1
6.1,CARDINAL,1
≤,PERSON,1
1995,DATE,3
23,CARDINAL,3
24,CARDINAL,3
Time,ORG,1
1.0,CARDINAL,1
6.2,CARDINAL,1
6.3,CARDINAL,1
25,CARDINAL,1
26,CARDINAL,1
27,CARDINAL,1
28,CARDINAL,2
29,CARDINAL,1
30,CARDINAL,2
7.1,CARDINAL,1
31,CARDINAL,2
7.2,CARDINAL,1
33,CARDINAL,1
8,CARDINAL,4
74,CARDINAL,2
only two,CARDINAL,2
7,DATE,1
352,CARDINAL,1
NVIDIA,ORG,1
100,CARDINAL,1
100%,PERCENT,2
105,CARDINAL,1
8.2,CARDINAL,1
150,CARDINAL,1
Matlab,ORG,1
60%,PERCENT,1
Open Access This article,WORK_OF_ART,1
Michael,PERSON,2
Marco,PERSON,1
D.,NORP,4
R.,NORP,3
J.,ORG,3
Robotics,ORG,4
Wei,PERSON,1
2d,CARDINAL,1
the IEEE Conference on Computer Vision,ORG,1
2001,DATE,1
IEEE International Conference on Robotics and Automation,ORG,1
ICRA,GPE,2
IROS,ORG,2
pp.,GPE,2
Science and Systems,ORG,2
Wu,PERSON,1
G.,PERSON,2
Cambridge,GPE,4
Cambridge University Press,ORG,1
10.23919,CARDINAL,1
2016,CARDINAL,1
M.,GPE,1
al.,PERSON,1
12,DATE,1
Tong,GPE,1
https://doi.org/10,ORG,1
1109,DATE,1
Thomas,PERSON,1
Zhou,PERSON,1
B.,PERSON,1
F.,PERSON,1
Wang,PERSON,1
L.,PERSON,1
Liu,PERSON,1
S.,PERSON,1
two,CARDINAL,10
AAU,ORG,1
2020,DATE,4
ACM,ORG,1
Denmark,GPE,1
11,CARDINAL,2
12,CARDINAL,2
first,ORDINAL,4
Drones,PERSON,2
Robotics,ORG,1
API,ORG,3
GPS,ORG,1
2014,DATE,3
third,ORDINAL,2
one,CARDINAL,6
1,CARDINAL,4
3,CARDINAL,6
Vision,ORG,1
2,CARDINAL,5
4,CARDINAL,7
Microsoft,ORG,2
Intel,ORG,1
32,CARDINAL,2
64,CARDINAL,1
GB,GPE,2
RAM,ORG,1
WiFi,PERSON,1
Unity,ORG,5
second,ORDINAL,2
fourth,ORDINAL,1
One,CARDINAL,2
TCP,ORG,3
5,CARDINAL,5
Information,ORG,1
the Danish Emergency Management Agency,ORG,2
HCI,ORG,1
6,CARDINAL,2
section 4,LAW,1
section 5,LAW,1
2018,DATE,2
2011,DATE,1
2019,DATE,1
2015,DATE,2
1996,DATE,1
8,CARDINAL,3
2016,DATE,2
10,CARDINAL,3
2004,DATE,1
1998,DATE,1
daily,DATE,1
13,CARDINAL,1
14,CARDINAL,1
Measure,ORG,1
15,CARDINAL,1
7,CARDINAL,2
3,DATE,1
4,DATE,1
6,DATE,1
7,DATE,1
9,DATE,1
Kevin Y. Zhai,PERSON,1
James A. Landay,PERSON,1
Stanford University,ORG,1
Department of Computer Science,ORG,1
353,CARDINAL,1
Stanford,ORG,1
WoZ,WORK_OF_ART,6
UAV,ORG,1
12,CARDINAL,5
1,CARDINAL,10
14,CARDINAL,3
HRI,ORG,4
19,CARDINAL,6
HumanDrone Interaction,ORG,2
HDI,ORG,4
4,CARDINAL,3
8,CARDINAL,3
5,CARDINAL,2
first,ORDINAL,1
ACM,ORG,2
Japan,GPE,1
361,CARDINAL,1
11,CARDINAL,3
15,CARDINAL,2
18,CARDINAL,4
9,CARDINAL,2
20,CARDINAL,2
13,CARDINAL,5
16,CARDINAL,3
2,CARDINAL,11
3,DATE,1
10,DATE,1
22,CARDINAL,3
23,CARDINAL,3
17,CARDINAL,2
21,CARDINAL,1
CS,ORG,1
6,CARDINAL,3
15,MONEY,1
One,CARDINAL,2
second,ORDINAL,1
418,CARDINAL,1
216,CARDINAL,1
96,CARDINAL,1
59,CARDINAL,1
53,CARDINAL,1
86%,PERCENT,1
100%,PERCENT,1
362,CARDINAL,1
3,CARDINAL,2
10,CARDINAL,3
0.5,CARDINAL,1
44%,PERCENT,2
two,CARDINAL,2
Likert,PERSON,1
90%,PERCENT,1
95%,PERCENT,1
0.80,CARDINAL,2
0.61,CARDINAL,1
0.44,CARDINAL,1
0.37,CARDINAL,2
0.36,CARDINAL,1
1.00,CARDINAL,2
0.33,CARDINAL,3
0.30,CARDINAL,1
0.42,CARDINAL,1
0.85,CARDINAL,1
363,CARDINAL,1
seven,CARDINAL,1
one,CARDINAL,1
7,CARDINAL,1
three,CARDINAL,1
364,CARDINAL,1
R.,NORP,1
25,CARDINAL,1
Liu,PERSON,1
L.,PERSON,1
2013,DATE,3
Proceedings,ORG,2
1994,DATE,1
41,CARDINAL,1
T.,ORG,1
CHI,ORG,8
121,CARDINAL,1
New York,GPE,1
K.,NORP,5
Y.,PERSON,2
Zhao,PERSON,1
S.,PERSON,1
M.,NORP,1
T.,GPE,2
2009,DATE,2
J.,ORG,3
Proc.,GPE,2
299,CARDINAL,1
2012,DATE,1
95,CARDINAL,1
Joggobot,PERSON,1
Mueller,ORG,1
Quadcopter,PERSON,1
2014,DATE,4
252,CARDINAL,1
3d,CARDINAL,1
2nd,ORDINAL,1
D.,NORP,2
B.,PERSON,2
358,CARDINAL,1
2015,DATE,1
131,CARDINAL,1
2005,DATE,1
M.R.,GPE,1
first,ORDINAL,4
1,CARDINAL,25
2,CARDINAL,19
3,CARDINAL,8
4,CARDINAL,8
5,CARDINAL,10
6,CARDINAL,8
Markov,PERSON,6
7,CARDINAL,3
23,CARDINAL,7
two,CARDINAL,12
Section 2,LAW,1
Section 3,LAW,2
Section 4,LAW,2
Section 5,LAW,2
Section 6,LAW,2
8,CARDINAL,4
9,CARDINAL,6
2020,DATE,19
0,CARDINAL,16
3.1,CARDINAL,1
Equation,ORG,1
20,CARDINAL,13
3.2,CARDINAL,1
Section 3.1,LAW,1
7,DATE,9
Aalborg University Library,ORG,9
Wiley Online Library,ORG,18
OA,ORG,9
Creative Commons License,PERSON,9
8),CARDINAL,1
8),DATE,1
Two,CARDINAL,2
21,CARDINAL,5
−,GPE,3
10,CARDINAL,8
second,ORDINAL,5
1 −,MONEY,1
11,CARDINAL,6
4.1,CARDINAL,1
State,ORG,1
six,CARDINAL,2
•,PRODUCT,3
three,CARDINAL,1
4.2,CARDINAL,1
12,CARDINAL,9
Section 4.1,LAW,1
32,CARDINAL,4
4.3,CARDINAL,1
Fig,PERSON,26
454,CARDINAL,1
13,CARDINAL,5
14,CARDINAL,3
15,CARDINAL,7
zero,CARDINAL,1
16,CARDINAL,6
17,CARDINAL,5
four,CARDINAL,3
4.4,CARDINAL,1
24,CARDINAL,5
25,CARDINAL,5
18,CARDINAL,3
19,CARDINAL,6
Section 4.3,LAW,2
4.5,CARDINAL,1
Section 4.4,LAW,2
22,CARDINAL,4
max,PERSON,2
5.1,CARDINAL,1
N,ORG,1
26,CARDINAL,2
27,CARDINAL,3
5.2,CARDINAL,1
28,CARDINAL,3
456,CARDINAL,1
5.3,CARDINAL,1
64,CARDINAL,3
third,ORDINAL,1
linear,ORG,1
Section 5.3,LAW,1
6.1,CARDINAL,1
one,CARDINAL,1
100,CARDINAL,1
95%,PERCENT,1
0.61,CARDINAL,1
50,CARDINAL,6
Table 2,FAC,1
13%,PERCENT,1
6.2,CARDINAL,1
Section 4.5,LAW,1
104,CARDINAL,1
10−4,CARDINAL,1
105,CARDINAL,2
Optimal,NORP,1
458,CARDINAL,1
29,CARDINAL,4
200,CARDINAL,2
0.15,CARDINAL,1
6.3,CARDINAL,1
0.505,CARDINAL,1
3,DATE,4
4,DATE,3
40,CARDINAL,1
30,CARDINAL,2
31,CARDINAL,1
33,CARDINAL,2
35,CARDINAL,1
36,CARDINAL,2
27,DATE,1
38,CARDINAL,1
39,CARDINAL,1
6.4,CARDINAL,1
1.5,CARDINAL,1
34,CARDINAL,1
37,CARDINAL,1
42,CARDINAL,1
43,CARDINAL,1
44,CARDINAL,1
45,CARDINAL,1
46,CARDINAL,1
47,CARDINAL,1
48,CARDINAL,1
49,CARDINAL,1
500,CARDINAL,2
G.,PERSON,2
2015,DATE,7
pp.,GPE,9
N.H.,GPE,1
M.,GPE,3
Mag,PERSON,1
2017,DATE,5
55,DATE,1
Natalizio,GPE,1
16,DATE,1
A.,NORP,1
8,DATE,1
M.B.,GPE,1
M.R.,GPE,1
2016,DATE,6
J.,ORG,3
34,DATE,1
Italy,GPE,1
2019,DATE,3
Auton,PERSON,1
2013,DATE,2
61,DATE,1
T.M.,GPE,1
Drones,PERSON,1
IEEE Trans,ORG,1
26,DATE,2
B.,NORP,1
Ad Hoc Netw,ORG,1
2018,DATE,3
68,DATE,1
D.,NORP,5
Mach,PERSON,1
UAV,ORG,2
Unmanned Aircraft Systems,ORG,1
ICUAS,ORG,1
FL,ORG,1
USA,GPE,5
C.,NORP,2
Portugal,GPE,1
65,DATE,1
Chen,PERSON,1
Tang,PERSON,2
UAV,PERSON,1
Areas Commun,PERSON,1
M.,NORP,1
Tan,PERSON,1
R.,NORP,2
UK,GPE,1
K.,NORP,2
NV,GPE,1
Phoenix,GPE,1
Conf,PERSON,1
2011,DATE,1
C.,PERSON,1
CRC Press,ORG,1
2012,DATE,1
2021,DATE,2
26,CARDINAL,14
62,DATE,1
Rm,GPE,1
202,CARDINAL,1
one,CARDINAL,6
three,CARDINAL,6
half,CARDINAL,2
WiFi,PERSON,3
four,CARDINAL,14
90%,PERCENT,4
two,CARDINAL,11
98,CARDINAL,4
1,CARDINAL,5
2,CARDINAL,7
Proc,GPE,2
UAS,ORG,2
2.1,CARDINAL,1
3,CARDINAL,8
4,CARDINAL,7
5,CARDINAL,8
2.2,CARDINAL,1
first,ORDINAL,1
second,ORDINAL,1
50,CARDINAL,4
10,CARDINAL,7
2.3,CARDINAL,1
Japan,GPE,2
2011,DATE,1
Urban,ORG,3
1995,DATE,1
Proc.,GPE,3
2.4,CARDINAL,1
300,CARDINAL,2
350,CARDINAL,1
2000,DATE,2
2.5,CARDINAL,1
seconds,TIME,1
100,CARDINAL,2
Two,CARDINAL,1
Table 1,FAC,1
20,CARDINAL,9
3.1,CARDINAL,1
13,CARDINAL,11
Table 2,FAC,1
33,CARDINAL,2
12,CARDINAL,10
44,CARDINAL,1
sec,ORG,12
0,CARDINAL,20
39,CARDINAL,6
23,CARDINAL,2
6,CARDINAL,10
24,CARDINAL,4
7,CARDINAL,3
8,CARDINAL,4
21,CARDINAL,8
25,CARDINAL,4
11,CARDINAL,3
46,CARDINAL,1
31,CARDINAL,1
15,CARDINAL,2
14,CARDINAL,4
16,CARDINAL,3
30,CARDINAL,6
19,CARDINAL,2
22,CARDINAL,1
9,CARDINAL,2
41,CARDINAL,1
766,CARDINAL,1
18,CARDINAL,1
2006,DATE,1
48,CARDINAL,1
Five,CARDINAL,1
3.2,CARDINAL,1
Comparison,ORG,1
4.,CARDINAL,1
33%,PERCENT,1
2016,DATE,1
VA,GPE,1
2017,DATE,1
2020,DATE,4
Springer,PERSON,1
2003,DATE,1
HumanDrone Interaction,ORG,10
3,CARDINAL,19
16,CARDINAL,14
three,CARDINAL,16
Aalborg University,ORG,3
two,CARDINAL,30
one,CARDINAL,11
Raspberry Pi,PERSON,6
WoZ,WORK_OF_ART,5
second,ORDINAL,13
third,ORDINAL,5
four,CARDINAL,4
Drones,PERSON,1
Vision,ORG,8
1,CARDINAL,19
RFID,ORG,1
8,CARDINAL,7
28,CARDINAL,4
20,CARDINAL,5
17,CARDINAL,14
31,CARDINAL,2
33,CARDINAL,2
GPS,ORG,11
29,CARDINAL,2
2001,DATE,1
87%,PERCENT,1
12,CARDINAL,7
13,CARDINAL,7
25,DATE,1
28,DATE,1
36,CARDINAL,2
26,CARDINAL,5
HDI,ORG,3
WiFi,PERSON,6
2,CARDINAL,22
2.1,CARDINAL,2
24,CARDINAL,5
One,CARDINAL,5
4,CARDINAL,14
34,CARDINAL,2
35,CARDINAL,2
19,CARDINAL,4
al.,GPE,4
11,CARDINAL,4
ROS,ORG,3
UAV,ORG,2
2D,ORG,1
SLAM,ORG,1
10,CARDINAL,8
Kaufmann et al.,PERSON,1
21,CARDINAL,4
Convolutional Neural Network,ORG,1
CNN,ORG,5
al.,PERSON,1
32,CARDINAL,2
18,CARDINAL,7
2.2,CARDINAL,2
Parrot,PERSON,1
9,CARDINAL,8
16,DATE,1
22,CARDINAL,5
recent years,DATE,1
6,CARDINAL,9
27,CARDINAL,6
fed,ORG,1
15,CARDINAL,10
only 2,CARDINAL,1
90%,PERCENT,1
25%,PERCENT,4
80%,PERCENT,1
14,CARDINAL,8
23,CARDINAL,4
first,ORDINAL,12
5,CARDINAL,16
5.1,CARDINAL,1
UDP,ORG,8
30,CARDINAL,3
7,CARDINAL,16
Measure,ORG,1
WiFi,ORG,2
5.2,CARDINAL,2
5.3,CARDINAL,2
5.4,CARDINAL,1
Gaussian,NORP,2
section 4,LAW,2
Computer Vision,ORG,1
75,CARDINAL,1
100,CARDINAL,3
75%,PERCENT,1
between two,CARDINAL,2
MAC,ORG,1
section 5,LAW,1
6.1,CARDINAL,1
6.2,CARDINAL,2
Table 2,FAC,3
seconds,TIME,3
9.7,CARDINAL,1
0.85,CARDINAL,1
Two,CARDINAL,3
99,CARDINAL,1
102,CARDINAL,1
only one,CARDINAL,1
2.75,CARDINAL,1
Table 4,LAW,1
33%,PERCENT,1
0,CARDINAL,2
CPU,ORG,1
GPU,ORG,2
2011,DATE,4
Navigation,ORG,1
2016,DATE,12
Santos,GPE,1
2017,DATE,20
Quadcopter,PERSON,1
New York,GPE,52
USA,GPE,26
2015,DATE,13
2012,DATE,1
https,PERSON,10
ICUAS,ORG,2
661–667,CARDINAL,2
2013,DATE,3
2018,DATE,9
3,DATE,1
Elia Kaufmann,PERSON,1
Berlin,GPE,2
172–186,CARDINAL,2
2010,DATE,1
Laser,ORG,1
Technical Report,ORG,1
https://doi.org/10,ORG,2
1109,DATE,1
25,CARDINAL,4
2014,DATE,5
2008,DATE,2
16th,ORDINAL,1
ACM,ORG,1
08,CARDINAL,1
11 2016,DATE,1
5,DATE,1
12,DATE,1
6,DATE,3
Han,NORP,2
US,GPE,1
10,DATE,1
8,DATE,1
9,DATE,1
3.1,CARDINAL,1
3.2,CARDINAL,1
3.3,CARDINAL,1
3.4,CARDINAL,1
First,ORDINAL,1
Second,ORDINAL,1
100%,PERCENT,1
only two,CARDINAL,1
1.2,CARDINAL,1
Caribbean,LOC,1
Drones,ORG,2
18th,ORDINAL,1
2019,DATE,3
Kevin Y. Zhai,PERSON,1
James A. Landay,PERSON,2
Chen,PERSON,1
Humandrone,ORG,1
5th,ORDINAL,2
Kim,PERSON,1
10th,ORDINAL,1
1–6,DATE,1
Cham,GPE,1
3rd,ORDINAL,1
HRI,ORG,1
358–365,CARDINAL,1
1,CARDINAL,6
34,CARDINAL,1
Finland,GPE,1
2,CARDINAL,7
Moscow,GPE,2
3,CARDINAL,10
today,DATE,3
two,CARDINAL,5
Today,DATE,2
2020,CARDINAL,1
J. Chen,PERSON,1
2019,DATE,1
pp.,GPE,1
2020,DATE,1
Drones,PERSON,1
2025,DATE,1
US,GPE,7
5%,PERCENT,2
Amazon,ORG,1
DHL,ORG,1
2017,DATE,2
2.1,CARDINAL,1
$127 billion,MONEY,1
218,CARDINAL,1
3.1,CARDINAL,1
6,CARDINAL,4
7,CARDINAL,3
8,CARDINAL,2
3.2,CARDINAL,1
First,ORDINAL,1
Second,ORDINAL,1
219,CARDINAL,1
the United States,GPE,2
American,NORP,2
4.1,CARDINAL,1
220,CARDINAL,1
4.2,CARDINAL,1
13,CARDINAL,2
20,CARDINAL,2
221,CARDINAL,1
100,CARDINAL,1
75,CARDINAL,1
one,CARDINAL,2
25,CARDINAL,3
57,CARDINAL,1
22,CARDINAL,1
71,CARDINAL,1
14,CARDINAL,1
three,CARDINAL,1
20%,PERCENT,1
5.1,CARDINAL,1
16,CARDINAL,1
19,CARDINAL,1
Fig,PERSON,16
222,CARDINAL,1
29%,PERCENT,1
8%,PERCENT,6
6%,PERCENT,1
52%,PERCENT,1
223,CARDINAL,1
3%,PERCENT,1
4%,PERCENT,2
32%,PERCENT,2
4,CARDINAL,1
224,CARDINAL,1
15%,PERCENT,1
12%,PERCENT,3
9,CARDINAL,1
225,CARDINAL,1
5.2,CARDINAL,1
18%,PERCENT,1
33%,PERCENT,1
65%,PERCENT,1
40%,PERCENT,1
13%,PERCENT,1
zero,CARDINAL,2
51%,PERCENT,1
10,CARDINAL,1
226,CARDINAL,1
80,CARDINAL,1
228,CARDINAL,1
5,CARDINAL,2
J.,ORG,1
2018,DATE,2
Global Report,ORG,1
Congress,ORG,1
2016,DATE,1
21,CARDINAL,1
A.W.,GPE,1
Prob,PERSON,1
2015,DATE,1
2014,DATE,1
R.,NORP,1
229,CARDINAL,1
China,GPE,3
28,CARDINAL,10
1,CARDINAL,22
CS,ORG,13
8,CARDINAL,5
9,CARDINAL,4
10,CARDINAL,8
11,CARDINAL,2
8,DATE,2
333,CARDINAL,1
12,CARDINAL,4
13,CARDINAL,2
14,CARDINAL,2
15,CARDINAL,4
20,CARDINAL,14
25,CARDINAL,3
26,CARDINAL,2
two,CARDINAL,13
29,CARDINAL,2
30,CARDINAL,8
31,CARDINAL,2
Bayesian,NORP,1
34,CARDINAL,2
Hu et al,PERSON,1
37,CARDINAL,2
2,CARDINAL,15
2.1,CARDINAL,1
5,CARDINAL,15
three,CARDINAL,5
only one,CARDINAL,1
3,CARDINAL,13
0,CARDINAL,3
38,CARDINAL,2
Algorithm 1,FAC,1
Gaussian,NORP,1
2,DATE,2
3,DATE,3
Calculate,ORG,1
2.2,CARDINAL,1
one,CARDINAL,2
4,CARDINAL,6
6,CARDINAL,11
8),CARDINAL,2
R.,NORP,4
L2,CARDINAL,2
linear,ORG,1
3.1,CARDINAL,1
Firstly,ORDINAL,1
44,CARDINAL,2
3.2,CARDINAL,1
Algorithm 2,FAC,5
FL,ORG,2
Update,ORG,1
7,CARDINAL,6
second,ORDINAL,6
Equation,ORG,3
45,CARDINAL,3
Matlab,ORG,1
3000,CARDINAL,11
Table 1,FAC,1
Table 1,PRODUCT,1
0.25,CARDINAL,4
0.9,CARDINAL,1
0.4,CARDINAL,1
0.2,CARDINAL,2
0.8,CARDINAL,1
1.5,CARDINAL,1
0.5,CARDINAL,2
max,PERSON,1
100,CARDINAL,1
4.1,CARDINAL,1
Comparison,ORG,1
46,CARDINAL,2
47,CARDINAL,2
48,CARDINAL,2
2016,DATE,6
49,CARDINAL,1
Table 2,FAC,3
103,CARDINAL,143
102,CARDINAL,35
106,CARDINAL,6
105,CARDINAL,9
107,CARDINAL,4
Table 2,PRODUCT,1
0.05,CARDINAL,5
Table 4,LAW,1
50,CARDINAL,3
19,CARDINAL,2
17,CARDINAL,2
16,CARDINAL,2
101,CARDINAL,4
109,CARDINAL,1
10−4,CARDINAL,7
4.2,CARDINAL,1
51,CARDINAL,2
6,DATE,4
Table 5,LAW,1
108,CARDINAL,20
1.051,CARDINAL,1
1016,DATE,2
4.3,CARDINAL,1
Section 3,LAW,1
Section 2.2,LAW,3
third,ORDINAL,1
N,GPE,1
Hk,PERSON,1
"50,000",CARDINAL,1
Two,CARDINAL,1
Table 7,FAC,1
Table 8,LAW,1
six,CARDINAL,1
nine,CARDINAL,1
Conﬂicts of Interest,ORG,1
I.,ORG,1
J.,ORG,8
2013,DATE,6
237,CARDINAL,1
Hu,PERSON,4
S.C.,GPE,5
2019,DATE,7
7,DATE,2
845,CARDINAL,1
Luo,GPE,2
H.J.,GPE,1
Wang,ORG,4
C.,NORP,2
Gao,PERSON,1
Y.,PERSON,3
Kim,PERSON,3
Mater,PERSON,1
2018,DATE,8
56,DATE,2
Yang,PERSON,5
2009,DATE,1
India,GPE,2
2010,DATE,2
Yang,GPE,3
S.,NORP,3
Hassan,PERSON,1
K.,NORP,2
2011,DATE,1
9.,CARDINAL,1
D.,NORP,2
T.,ORG,2
J.P.,ORG,1
Beijing,GPE,1
May 2013,DATE,1
pp.,GPE,2
Soft Comput,PERSON,1
20,DATE,1
239,CARDINAL,1
IEEE Trans,ORG,2
1999,DATE,1
F.,GPE,2
15,DATE,1
18,CARDINAL,1
Tian,GPE,1
2020,DATE,4
12,DATE,1
B.,ORG,1
28,DATE,1
21,CARDINAL,1
Conf,PERSON,1
2017,DATE,3
22,CARDINAL,1
Boyd,PERSON,1
57,DATE,1
23,CARDINAL,1
G.,PERSON,1
24,CARDINAL,1
T.K.,GPE,2
148,CARDINAL,1
A.,ORG,2
Lett,PERSON,2
S.,ORG,2
10,DATE,2
27,CARDINAL,2
Murray,GPE,1
A.G.,GPE,1
Technol,PERSON,1
2015,DATE,3
54,DATE,1
Carlsson,PERSON,1
Song,PERSON,1
4052–4069,CARDINAL,1
Zhou,PERSON,1
T.,GPE,1
Agatz,GPE,1
N.,ORG,1
52,DATE,1
965–981,CARDINAL,1
26,DATE,1
32,CARDINAL,1
M.,NORP,1
Denver,GPE,2
"CO, USA",ORG,2
33,CARDINAL,1
Moon,PERSON,1
49,DATE,2
35,CARDINAL,1
A.W.,GPE,1
16,DATE,1
36,CARDINAL,1
Wu,PERSON,2
Xu,PERSON,1
Sun,ORG,1
Mech,PERSON,1
G J. Aerosp,PERSON,1
233,CARDINAL,1
2014,DATE,1
24,DATE,1
39,CARDINAL,1
2002,DATE,1
40,CARDINAL,1
Jiang,PERSON,1
2007,DATE,1
41,CARDINAL,1
Wang,PERSON,1
F.,PERSON,1
X.,ORG,1
2012,DATE,1
38,DATE,1
42,CARDINAL,1
Lozano,PERSON,1
Germany,GPE,3
2001,DATE,1
43,CARDINAL,1
21,DATE,1
Liang,PERSON,1
B.,NORP,1
Singapore,GPE,1
Tech,GPE,1
M.R.,GPE,1
Perth,GPE,1
WA,GPE,1
Australia,GPE,1
2006,DATE,1
Mirjalili,PERSON,1
Sensor Networks,PERSON,1
J. Netw,ORG,1
2020,CARDINAL,1
Licensee MDPI,PERSON,1
Basel,GPE,1
Switzerland,GPE,1
SAR,ORG,31
Computer Vision,ORG,4
Denmark,GPE,1
Robotto,PERSON,12
two,CARDINAL,29
AI,ORG,9
8,CARDINAL,22
4.75,CARDINAL,5
6,CARDINAL,17
1,CARDINAL,18
Department of Computer Science,ORG,2
Aalborg University,ORG,3
one,CARDINAL,11
first,ORDINAL,10
ACM,ORG,2
7,CARDINAL,5
the Danish Emergency Management Agency,ORG,2
20,CARDINAL,3
2,CARDINAL,16
2.1,CARDINAL,1
Research,ORG,1
14,CARDINAL,4
16,CARDINAL,4
17,CARDINAL,5
10,CARDINAL,11
9,CARDINAL,9
26,CARDINAL,6
three,CARDINAL,5
27,CARDINAL,2
28,CARDINAL,3
23,CARDINAL,6
3,CARDINAL,13
13,CARDINAL,4
2.2,CARDINAL,1
24,CARDINAL,4
19,CARDINAL,4
One,CARDINAL,9
4,CARDINAL,10
5,DATE,1
22,CARDINAL,3
25,CARDINAL,5
12,CARDINAL,9
15,CARDINAL,5
2.3,CARDINAL,1
21,CARDINAL,4
Unmanned Aerial Vehicles,ORG,1
5,CARDINAL,12
11,CARDINAL,8
Fig,PERSON,5
second,ORDINAL,9
8),CARDINAL,1
Two,CARDINAL,1
Section 4,LAW,1
AAU,ORG,1
7.1,CARDINAL,1
six,CARDINAL,1
Section 2.2,LAW,1
2021,DATE,2
Marker,ORG,1
NASA,ORG,9
18,CARDINAL,3
Section 7,LAW,1
8.1,CARDINAL,1
UAV,ORG,1
daily,DATE,1
Table 1,FAC,1
0,CARDINAL,2
8.2,CARDINAL,1
8.3,CARDINAL,1
half,CARDINAL,1
5 minutes,TIME,1
62,CARDINAL,1
100%,PERCENT,1
Likert,PERSON,3
9.,CARDINAL,1
English,LANGUAGE,1
0.05,CARDINAL,1
Time,ORG,2
Table 5,LAW,1
6.22,CARDINAL,1
75%,PERCENT,2
50%,PERCENT,1
25%,PERCENT,1
Over half,CARDINAL,1
10,DATE,1
62,DATE,1
only 2,CARDINAL,1
2020,DATE,3
https,PERSON,1
2022,DATE,9
2016,DATE,5
2010,DATE,4
7,DATE,1
2006,DATE,2
6,DATE,1
170,CARDINAL,1
38,DATE,1
2015,DATE,3
Pattern Recognition,ORG,1
48,DATE,1
2,DATE,1
2009,DATE,1
2013,DATE,2
Wiley Online Library,ORG,1
Wiley Periodicals,ORG,1
2012,DATE,1
11 2016,DATE,1
1998,DATE,2
12,DATE,1
2019,DATE,1
9,DATE,1
2022,DATE,1
UAS,ORG,43
four,CARDINAL,9
"50,000",CARDINAL,2
two,CARDINAL,12
first,ORDINAL,4
second,ORDINAL,1
VLOS,ORG,31
BVLOS,ORG,47
3.7,CARDINAL,2
2005,DATE,6
2014,DATE,6
2007,DATE,4
2012,DATE,8
2015,DATE,16
2016,DATE,12
al.,GPE,65
2018,DATE,26
2011,DATE,4
2021,DATE,28
2013,DATE,2
February 2022,DATE,1
2,CARDINAL,33
2017,DATE,16
2006,DATE,4
RGB,ORG,2
Li,PERSON,4
Wu,PERSON,2
Kelly,PERSON,1
2020,DATE,27
Fig,PERSON,24
1,CARDINAL,27
one,CARDINAL,6
2019,DATE,10
90%,PERCENT,1
3,CARDINAL,12
three,CARDINAL,5
2.1,CARDINAL,2
UK,GPE,11
Table 1,PRODUCT,1
500,CARDINAL,1
2.,CARDINAL,1
4,CARDINAL,5
2008,DATE,2
2.2,CARDINAL,1
Five,CARDINAL,1
"10,000",CARDINAL,8
Unmanned Aircraft Systems,ORG,2
5,CARDINAL,5
0.25,CARDINAL,2
CPU,ORG,1
NVIDIA GeForce,ORG,1
1080,CARDINAL,1
GPU,ORG,1
64,CARDINAL,1
GB,GPE,1
RAM,ORG,1
100,CARDINAL,1
18,CARDINAL,4
Vienna,GPE,2
Austria,GPE,2
2004,DATE,2
2.3,CARDINAL,1
4.,CARDINAL,1
6,CARDINAL,3
20,CARDINAL,3
50,CARDINAL,7
at least one,CARDINAL,1
7,CARDINAL,1
2.4,CARDINAL,1
3.1,CARDINAL,4
84,CARDINAL,4
32,CARDINAL,1
6.,CARDINAL,1
95,CARDINAL,1
6.7,CARDINAL,2
96,CARDINAL,4
107,CARDINAL,2
4.7,CARDINAL,1
108,CARDINAL,4
4.3,CARDINAL,1
32,DATE,1
10.0,CARDINAL,1
44,CARDINAL,1
18.8,CARDINAL,1
88,CARDINAL,2
6.5,CARDINAL,2
76,DATE,2
6.6,CARDINAL,1
7.2,CARDINAL,1
106,CARDINAL,3
4.6,CARDINAL,1
4.4,CARDINAL,1
2.6,CARDINAL,1
10,CARDINAL,6
15,CARDINAL,2
17,CARDINAL,1
2.0,CARDINAL,1
19,CARDINAL,4
8,CARDINAL,3
8),DATE,3
85,CARDINAL,1
76,CARDINAL,1
189,CARDINAL,1
319,CARDINAL,1
9,CARDINAL,1
zero,CARDINAL,1
3.2,CARDINAL,1
Section 3.1,LAW,1
nine,CARDINAL,1
90,CARDINAL,1
20%,PERCENT,1
more than one,CARDINAL,1
69,CARDINAL,1
15%,PERCENT,1
seven,CARDINAL,1
Scotland,GPE,2
7.1,CARDINAL,1
136,CARDINAL,1
11.3,CARDINAL,1
185,CARDINAL,1
425,CARDINAL,1
3.0,CARDINAL,1
220,CARDINAL,1
19.2,CARDINAL,1
5.5,CARDINAL,1
175,CARDINAL,2
346,CARDINAL,1
111,CARDINAL,1
6.2,CARDINAL,1
178,CARDINAL,1
10.5,CARDINAL,1
256,CARDINAL,1
456,CARDINAL,1
59,CARDINAL,1
6.3,CARDINAL,1
94,CARDINAL,1
132,CARDINAL,1
81,CARDINAL,1
180,CARDINAL,1
424,CARDINAL,1
219,CARDINAL,1
5.6,CARDINAL,1
9.7,CARDINAL,1
344,CARDINAL,1
109,CARDINAL,1
6.0,CARDINAL,1
177,CARDINAL,1
10.3,CARDINAL,1
258,CARDINAL,1
426,CARDINAL,1
845,CARDINAL,1
11,CARDINAL,3
day,DATE,1
100%,PERCENT,1
12,CARDINAL,3
13,CARDINAL,2
2009,DATE,2
2001,DATE,2
Software,ORG,1
S.,GPE,2
124,CARDINAL,1
C.,NORP,2
Indonesia,GPE,1
45,CARDINAL,1
172,CARDINAL,1
10.3390,CARDINAL,1
Florida,GPE,3
16,DATE,1
J.,ORG,5
29,CARDINAL,1
I.,ORG,3
L.,ORG,1
pp.,GPE,4
329,CARDINAL,1
Environ,ORG,6
167,CARDINAL,1
K.,NORP,3
Remote Sensing,PERSON,1
Unmanned Aerial Vehicle,ORG,1
M.E.,GPE,1
G.,PERSON,2
16,CARDINAL,2
14,CARDINAL,1
D.,NORP,3
R.,NORP,2
T.K.,GPE,1
WA,GPE,1
314,CARDINAL,1
Hu,PERSON,1
Geophys,PERSON,1
Lett,PERSON,1
33,CARDINAL,2
Lee,PERSON,1
Kim,PERSON,1
Sci,PERSON,1
236,CARDINAL,1
USA,GPE,1
L.,PERSON,1
254,CARDINAL,1
J.M.,GPE,2
Malaysia,GPE,1
Liu,PERSON,1
Mech,PERSON,1
234,CARDINAL,1
38,CARDINAL,1
H.J.,GPE,1
1996,DATE,1
North America,LOC,1
36,CARDINAL,2
766,CARDINAL,1
B.,PERSON,3
Japan,GPE,1
10.1023,CARDINAL,1
T.,GPE,1
PLoS ONE,PERSON,2
27,CARDINAL,1
34,CARDINAL,1
Technol,PERSON,2
247,CARDINAL,1
M.,GPE,1
M.,NORP,1
Unmanned Aerial Systems,ORG,1
T.M.,GPE,1
Caribbean,LOC,1
163,CARDINAL,1
Wei,PERSON,1
Chinese,NORP,1
T.B.,GPE,1
K.S.,GPE,1
82,CARDINAL,2
2D,ORG,1
3d,CARDINAL,5
Robotto,PERSON,5
Kalman,PERSON,17
3,CARDINAL,17
2.1,CARDINAL,8
5,CARDINAL,10
2.2,CARDINAL,3
9,CARDINAL,5
3.1,CARDINAL,2
10,CARDINAL,16
3.2,CARDINAL,2
11,CARDINAL,8
3.3,CARDINAL,2
4,CARDINAL,19
12,CARDINAL,11
21,CARDINAL,7
5.1,CARDINAL,5
31,CARDINAL,2
5.2,CARDINAL,5
35,CARDINAL,3
5.3,CARDINAL,4
40,CARDINAL,5
46,CARDINAL,3
5.6,CARDINAL,2
48,CARDINAL,4
6,CARDINAL,9
51,CARDINAL,2
52,CARDINAL,4
6.2,CARDINAL,6
53,CARDINAL,3
6.3,CARDINAL,6
58,CARDINAL,4
6.4,CARDINAL,6
59,CARDINAL,2
6.5,CARDINAL,6
60,CARDINAL,6
61,CARDINAL,3
6.7,CARDINAL,6
62,CARDINAL,5
63,CARDINAL,4
65,CARDINAL,5
6.10,CARDINAL,4
67,CARDINAL,3
70,CARDINAL,6
79,CARDINAL,2
2.3,CARDINAL,5
2.4,CARDINAL,5
8,CARDINAL,14
4.2,CARDINAL,5
13,CARDINAL,4
4.3,CARDINAL,4
14,CARDINAL,7
4.4,CARDINAL,6
15,CARDINAL,5
20,CARDINAL,12
4.6,CARDINAL,6
22,CARDINAL,4
4.7,CARDINAL,5
23,CARDINAL,4
24,CARDINAL,6
25,CARDINAL,4
26,CARDINAL,3
27,CARDINAL,2
28,CARDINAL,2
29,CARDINAL,3
30,CARDINAL,12
33,CARDINAL,2
5.4,CARDINAL,4
5.5,CARDINAL,5
36,CARDINAL,3
37,CARDINAL,3
38,CARDINAL,2
39,CARDINAL,2
41,CARDINAL,2
43,CARDINAL,2
44,CARDINAL,2
5.15,CARDINAL,3
49,CARDINAL,3
6.1,CARDINAL,7
54,CARDINAL,3
55,CARDINAL,2
56,CARDINAL,4
57,CARDINAL,4
64,CARDINAL,4
6.15,CARDINAL,3
Comparison,ORG,2
66,CARDINAL,3
68,CARDINAL,3
69,CARDINAL,3
71,CARDINAL,4
50,CARDINAL,31
6.22,CARDINAL,3
73,CARDINAL,2
7.1,CARDINAL,2
77,CARDINAL,2
6.6,CARDINAL,3
72,CARDINAL,4
74,CARDINAL,2
18,CARDINAL,5
19,CARDINAL,5
84,CARDINAL,2
42,CARDINAL,2
One,CARDINAL,9
2d,CARDINAL,1
ﬁeld,PERSON,2
1,CARDINAL,35
2,CARDINAL,49
one,CARDINAL,11
First,ORDINAL,7
90,CARDINAL,4
0,CARDINAL,56
2.6,CARDINAL,1
2.7,CARDINAL,2
7,CARDINAL,3
al.,PERSON,2
ﬁre,PRODUCT,5
Unmanned Aerial Vehicle,ORG,1
UAV,ORG,1
Wang et al,PERSON,1
linear,ORG,1
Denmark,GPE,1
4.1,CARDINAL,8
Section 2.2,LAW,1
only one,CARDINAL,2
two,CARDINAL,5
Secondly,ORDINAL,2
0.00,CARDINAL,2
0.05,CARDINAL,1
0.10,CARDINAL,1
0.15,CARDINAL,1
0.25,CARDINAL,1
0.30,CARDINAL,1
0.35,CARDINAL,1
Gaussian,NORP,7
2004,DATE,2
Σ,ORG,1
zero,CARDINAL,4
W,ORG,1
4.5,CARDINAL,9
16,CARDINAL,6
Rm,GPE,1
Z,ORG,1
17,CARDINAL,4
1.5,CARDINAL,2
6,DATE,1
second,ORDINAL,7
128,CARDINAL,1
ROS,ORG,15
Microsoft,ORG,1
100,CARDINAL,36
200,CARDINAL,22
300,CARDINAL,7
250,CARDINAL,12
225,CARDINAL,1
175,CARDINAL,1
150,CARDINAL,15
125,CARDINAL,1
75,CARDINAL,2
5.1.2,CARDINAL,1
32,CARDINAL,1
0.5,CARDINAL,8
34,CARDINAL,1
RGB,ORG,2
500,CARDINAL,4
Li,PERSON,3
0.8,DATE,1
90%,PERCENT,1
5%,PERCENT,1
−,GPE,1
≥,GPE,1
≤,PERSON,1
45,CARDINAL,1
three,CARDINAL,2
max,PERSON,1
47,CARDINAL,1
1.0,CARDINAL,9
0.9,CARDINAL,2
0.8,CARDINAL,2
0.6,CARDINAL,2
0.4,CARDINAL,2
0.2,CARDINAL,2
LLT,ORG,1
Update,ORG,10
10.0,CARDINAL,8
Standard,ORG,2
1st,ORDINAL,2
3rd,ORDINAL,2
600,CARDINAL,5
700,CARDINAL,1
80,CARDINAL,6
120,CARDINAL,3
130,CARDINAL,2
110,CARDINAL,2
100.0,CARDINAL,4
3,DATE,1
3.0,CARDINAL,4
6.0,CARDINAL,2
1000,CARDINAL,7
2.0,CARDINAL,1
2000,DATE,4
3000,CARDINAL,1
4000,CARDINAL,1
2.5,CARDINAL,1
3.4,CARDINAL,1
4,DATE,1
0,DATE,1
354,CARDINAL,1
Aalborg University,ORG,1
GPS,ORG,1
Marker,ORG,2
0.60,CARDINAL,1
1.051,CARDINAL,1
76,CARDINAL,1
78,CARDINAL,1
GPU,ORG,1
Ph.D.,WORK_OF_ART,2
2016,DATE,2
2020,DATE,1
AAU,ORG,1
F. Caballero,PERSON,1
I. Maza,PERSON,1
A. Ollero,PERSON,1
pp.,GPE,9
2012,DATE,3
14th,ORDINAL,1
2017,DATE,1
J. Li,PERSON,1
2019,DATE,2
American Control Conference,ORG,1
ACC,ORG,1
10.23919,CARDINAL,1
J. Liu,PERSON,1
Q. Zhou,PERSON,1
E. Frazzoli,PERSON,1
2009,DATE,1
J. Comput,PERSON,1
10.1023,CARDINAL,1
10.1109,CARDINAL,3
European,NORP,1
2006,DATE,1
2011,DATE,2
Computer Vision,ORG,2
C. Schmid,PERSON,1
https,PERSON,3
2018,DATE,4
2014,DATE,2
Field,GPE,1
Advanced Robotics,GPE,1
R. Siegwart,PERSON,1
81,CARDINAL,1
WA,GPE,1
USA,GPE,1
Tech,GPE,1
103,CARDINAL,1
D.,NORP,1
118,CARDINAL,1
New York,GPE,1
NY,GPE,1
10.1002,CARDINAL,1
Germany,GPE,3
Netherlands,GPE,1
UAVs,ORG,2
1,CARDINAL,23
59,CARDINAL,2
102,CARDINAL,2
143,CARDINAL,2
224,CARDINAL,4
250,CARDINAL,6
38,CARDINAL,4
60,CARDINAL,4
2018,DATE,7
Wiley Periodicals,ORG,2
2,CARDINAL,7
US,GPE,5
EU,ORG,1
2013,DATE,29
79,CARDINAL,3
230,CARDINAL,2
the Federal Aviation Administration,ORG,1
FAA,ORG,2
2020,DATE,1
80,CARDINAL,2
217,CARDINAL,5
UAV,PERSON,14
UAS,ORG,5
12,CARDINAL,8
63,DATE,1
108,CARDINAL,2
153,CARDINAL,2
194,CARDINAL,2
203,CARDINAL,2
220,CARDINAL,3
227,CARDINAL,3
245,CARDINAL,2
306,CARDINAL,2
92,CARDINAL,2
129,CARDINAL,2
307,CARDINAL,2
•,PRODUCT,1
4,DATE,47
Aalborg University Library,ORG,47
Wiley Online Library,ORG,94
OA,ORG,47
Creative Commons License,PERSON,47
3,CARDINAL,16
English,LANGUAGE,1
30,CARDINAL,5
279,CARDINAL,3
317,CARDINAL,3
Chen et al,PERSON,3
44,CARDINAL,3
261,CARDINAL,2
105,CARDINAL,2
190,CARDINAL,2
116,CARDINAL,3
87,CARDINAL,3
228,CARDINAL,3
145,CARDINAL,2
185,CARDINAL,3
282,CARDINAL,3
249,CARDINAL,2
196,CARDINAL,3
284,CARDINAL,2
56,CARDINAL,2
Section 2,LAW,2
Section 3,LAW,3
Section 4,LAW,3
Section 5,LAW,3
Section 7,LAW,2
Section 8,LAW,1
170,CARDINAL,4
6,CARDINAL,11
157,CARDINAL,2
Japan,GPE,1
42,CARDINAL,3
4,CARDINAL,7
2.75,CARDINAL,1
5,CARDINAL,9
3.1,CARDINAL,1
1.0,CARDINAL,1
DHL,ORG,2
3.0,CARDINAL,1
Indonesia,GPE,1
51,CARDINAL,2
107,CARDINAL,3
236,CARDINAL,2
95,CARDINAL,3
83,CARDINAL,2
Google,ORG,1
Facebook,ORG,1
251,CARDINAL,2
252,CARDINAL,2
315,CARDINAL,2
Scotland,GPE,1
231,CARDINAL,2
119,CARDINAL,5
120,CARDINAL,4
64,CARDINAL,3
148,CARDINAL,5
night,TIME,1
155,CARDINAL,2
Amazon,ORG,4
two,CARDINAL,8
61,CARDINAL,5
124,CARDINAL,2
NASA,ORG,2
134,CARDINAL,2
Drones,ORG,9
7,CARDINAL,3
One,CARDINAL,8
17,CARDINAL,9
242,CARDINAL,9
265,CARDINAL,4
208,CARDINAL,6
276,CARDINAL,5
127,CARDINAL,3
152,CARDINAL,2
202,CARDINAL,4
86,CARDINAL,7
209,CARDINAL,7
274,CARDINAL,12
36,CARDINAL,9
• Limited,ORG,2
one,CARDINAL,16
68,CARDINAL,6
216,CARDINAL,4
292,CARDINAL,6
244,CARDINAL,6
75,CARDINAL,7
237,CARDINAL,5
162,CARDINAL,2
268,CARDINAL,2
269,CARDINAL,3
275,CARDINAL,3
91,DATE,1
178,CARDINAL,3
46,CARDINAL,5
123,CARDINAL,5
147,CARDINAL,5
100,CARDINAL,5
290,CARDINAL,5
GPSdenied,ORG,4
GPS,ORG,2
164,CARDINAL,2
117,CARDINAL,4
159,CARDINAL,6
260,CARDINAL,5
305,CARDINAL,2
186,CARDINAL,11
8,CARDINAL,5
222,CARDINAL,4
239,CARDINAL,4
9,DATE,1
10,CARDINAL,7
Section 6,LAW,1
TSP,ORG,19
8),CARDINAL,1
Section 4.1,LAW,7
Section 4.3,LAW,5
Section 4.4,LAW,4
Section 4.5,LAW,3
9,CARDINAL,5
418,CARDINAL,1
Table 1,FAC,1
22,CARDINAL,5
142,CARDINAL,5
321,CARDINAL,4
212,CARDINAL,6
296,CARDINAL,7
137,CARDINAL,4
225,CARDINAL,5
First,ORDINAL,4
Secondly,ORDINAL,2
66,CARDINAL,5
Table 2,PRODUCT,1
4.1.1,CARDINAL,1
49,CARDINAL,2
199,CARDINAL,5
300,CARDINAL,5
22,DATE,1
176,CARDINAL,5
188,CARDINAL,7
146,CARDINAL,5
149,CARDINAL,4
283,CARDINAL,5
115,CARDINAL,2
168,CARDINAL,3
Li,PERSON,1
207,CARDINAL,3
218,CARDINAL,4
Chinese,NORP,1
11,CARDINAL,6
20,CARDINAL,4
200,CARDINAL,6
TABLE 2,LAW,1
74,CARDINAL,9
76,CARDINAL,4
97,CARDINAL,3
101,CARDINAL,5
161,CARDINAL,5
184,CARDINAL,5
272,CARDINAL,4
Coverage,PRODUCT,1
235,CARDINAL,3
13,CARDINAL,10
195,CARDINAL,3
Ma,PERSON,2
285,CARDINAL,2
at least one,CARDINAL,1
14,CARDINAL,5
4.2,CARDINAL,1
135,CARDINAL,2
136,CARDINAL,2
255,CARDINAL,2
26,CARDINAL,5
Hu et al,PERSON,1
114,CARDINAL,3
Lin,PERSON,1
151,CARDINAL,3
309,CARDINAL,3
219,CARDINAL,3
291,CARDINAL,3
121,CARDINAL,4
191,CARDINAL,4
273,CARDINAL,3
Bayesian,NORP,2
33,CARDINAL,6
256,CARDINAL,4
257,CARDINAL,6
109,CARDINAL,4
110,CARDINAL,4
303,CARDINAL,3
112,CARDINAL,3
270,CARDINAL,3
214,CARDINAL,3
25,DATE,1
163,CARDINAL,5
266,CARDINAL,3
286,CARDINAL,4
96,CARDINAL,3
125,CARDINAL,3
133,CARDINAL,7
154,CARDINAL,4
213,CARDINAL,6
424,CARDINAL,1
15,CARDINAL,6
425,CARDINAL,1
16,CARDINAL,4
103,CARDINAL,6
131,CARDINAL,5
132,CARDINAL,3
172,CARDINAL,4
253,CARDINAL,4
254,CARDINAL,4
278,CARDINAL,3
312,CARDINAL,6
173,CARDINAL,5
175,CARDINAL,4
18,CARDINAL,5
55,DATE,1
223,CARDINAL,5
299,CARDINAL,5
between two,CARDINAL,1
69,CARDINAL,4
55,CARDINAL,3
197,CARDINAL,5
304,CARDINAL,3
320,CARDINAL,2
NPhard,ORG,1
Rathinam,GPE,1
295,CARDINAL,4
21,CARDINAL,10
139,CARDINAL,3
ﬁeld,PERSON,1
198,CARDINAL,3
90,CARDINAL,4
241,CARDINAL,5
62,CARDINAL,2
71,CARDINAL,2
193,CARDINAL,3
28,CARDINAL,5
29,CARDINAL,3
35,CARDINAL,5
226,CARDINAL,2
72,CARDINAL,3
73,CARDINAL,7
204,CARDINAL,4
426,CARDINAL,1
19,CARDINAL,3
25,CARDINAL,3
40,CARDINAL,5
48,CARDINAL,3
54,CARDINAL,3
128,CARDINAL,3
130,CARDINAL,4
144,CARDINAL,3
TABLE 4,LAW,2
174,CARDINAL,3
192,CARDINAL,3
205,CARDINAL,3
206,CARDINAL,4
233,CARDINAL,3
234,CARDINAL,3
240,CARDINAL,3
258,CARDINAL,3
280,CARDINAL,3
294,CARDINAL,5
319,CARDINAL,3
48,DATE,1
node,GPE,1
104,CARDINAL,4
264,CARDINAL,2
Lee,PERSON,1
301,CARDINAL,4
57,CARDINAL,5
67,CARDINAL,4
23,CARDINAL,6
302,CARDINAL,3
7,DATE,1
57,DATE,1
169,CARDINAL,4
189,CARDINAL,3
267,CARDINAL,3
293,CARDINAL,3
52,CARDINAL,4
111,CARDINAL,4
221,CARDINAL,3
259,CARDINAL,4
39,CARDINAL,7
150,CARDINAL,4
181,CARDINAL,3
318,CARDINAL,3
310,CARDINAL,2
311,CARDINAL,2
Wang,PERSON,1
Liu,PERSON,1
289,CARDINAL,2
4.5,CARDINAL,1
277,CARDINAL,2
Thirdly,ORDINAL,1
156,CARDINAL,3
160,CARDINAL,4
247,CARDINAL,3
180,CARDINAL,3
183,CARDINAL,3
85,CARDINAL,4
313,CARDINAL,4
297,CARDINAL,3
298,CARDINAL,3
Jiang,PERSON,1
88,CARDINAL,7
77,CARDINAL,3
248,CARDINAL,6
314,CARDINAL,3
47,CARDINAL,6
32,CARDINAL,4
99,CARDINAL,4
Bezier,PERSON,1
24,CARDINAL,6
TABLE 5,LAW,1
229,CARDINAL,3
316,CARDINAL,3
182,CARDINAL,3
4.6,CARDINAL,1
238,CARDINAL,4
Second,ORDINAL,2
Third,ORDINAL,1
Fourth,ORDINAL,1
FANET,ORG,2
Shin,PERSON,1
98,CARDINAL,2
CPU,ORG,1
TABLE 6,LAW,2
177,CARDINAL,2
179,CARDINAL,2
436,CARDINAL,1
27,CARDINAL,3
Table 7,FAC,1
201,CARDINAL,2
65,CARDINAL,3
187,CARDINAL,3
138,CARDINAL,3
287,CARDINAL,6
262,CARDINAL,6
122,CARDINAL,5
141,CARDINAL,5
70,CARDINAL,2
165,CARDINAL,4
243,CARDINAL,6
271,CARDINAL,5
37,CARDINAL,7
167,CARDINAL,6
Sections,GPE,1
5.1,CARDINAL,2
5.2,CARDINAL,2
Section 5.3,LAW,2
158,CARDINAL,3
89,CARDINAL,4
81,CARDINAL,4
166,CARDINAL,3
82,CARDINAL,6
Control,ORG,2
31,CARDINAL,3
TABLE 9,LAW,1
281,CARDINAL,4
41,CARDINAL,5
58,CARDINAL,3
106,CARDINAL,3
140,CARDINAL,3
215,CARDINAL,4
171,CARDINAL,4
78,CARDINAL,1
5.3,CARDINAL,1
Chu,PERSON,3
Thomas,PERSON,1
34,CARDINAL,4
Wu,PERSON,1
ﬁre,PRODUCT,1
5.4,CARDINAL,1
Drones,PERSON,2
Agatz,GPE,2
Wang et al,PERSON,1
only one,CARDINAL,1
max,PERSON,2
Carlsson,PERSON,1
Song,PERSON,1
Manhattan,GPE,1
Table 10,CARDINAL,1
6.1,CARDINAL,1
118,CARDINAL,2
211,CARDINAL,2
45,CARDINAL,6
50,CARDINAL,8
93,CARDINAL,5
113,CARDINAL,3
263,CARDINAL,4
126,CARDINAL,4
232,CARDINAL,4
6.2,CARDINAL,1
Austria,GPE,2
Kim,PERSON,1
6.3,CARDINAL,1
210,CARDINAL,2
6.4,CARDINAL,1
84,CARDINAL,5
94,CARDINAL,2
three,CARDINAL,1
246,CARDINAL,2
• More,PRODUCT,2
senseandavoid,ORG,1
2014,DATE,36
pp.,GPE,33
2002,DATE,3
Transp,WORK_OF_ART,1
S. Kandeepan,PERSON,1
Commun,PERSON,8
Lett,PERSON,14
2017,DATE,80
UAV,ORG,19
H. Wang,PERSON,2
2010,DATE,13
2008,DATE,10
2007,DATE,5
Berlin,GPE,4
pp,GPE,5
2003,DATE,3
al.,GPE,66
J. Intell,PERSON,27
76,DATE,1
ACM,ORG,1
New York,GPE,3
2015,DATE,31
1994,DATE,1
965–981,CARDINAL,1
J. Adv,PERSON,2
I. Maza,PERSON,2
A. Ollero,PERSON,3
J. Field Robot,ORG,1
2011,DATE,13
J. Distrib,PERSON,3
Ad Hoc Netw,ORG,4
Boston,GPE,2
MA,GPE,2
Vienna,GPE,1
2012,DATE,13
1993,DATE,1
Environ,ORG,2
2016,DATE,37
A. ElKeyi,PERSON,1
H. Yanikomeroglu,PERSON,1
Optimal,NORP,8
Springer,PERSON,8
2006,DATE,4
Proc,GPE,2
Trans,ORG,2
J. Zhang,PERSON,1
43,CARDINAL,2
Mag,PERSON,5
Y. Li,PERSON,2
2009,DATE,10
IEEE Trans,ORG,31
65,DATE,1
UAVbased,ORG,3
Electron,ORG,6
Y. Kim,PERSON,1
4052–4069,CARDINAL,1
Time,ORG,1
ICUAS,ORG,4
2001,DATE,3
IEEE International Conference on Robotics and Automation,ORG,2
2005,DATE,2
63,CARDINAL,1
Unmanned Aerial Vehicle,ORG,1
S. Singh,PERSON,1
Navigation,ORG,2
UAVassisted,ORG,2
70,DATE,4
J. Comput,PERSON,1
K.,NORP,2
49,DATE,1
UAVaided,ORG,2
IEEE Netw,ORG,1
Federal Aviation Administration,ORG,4
Tech,ORG,5
450,CARDINAL,1
kmeans,NORP,1
2016,CARDINAL,1
Auton,PERSON,4
CDC,ORG,1
91,CARDINAL,1
MPC,ORG,1
Paris,GPE,1
1998,DATE,1
R. Jain,PERSON,1
G. Vaszkun,PERSON,1
D.,NORP,1
London,GPE,1
UK,GPE,1
Proceedings,ORG,2
13th,ORDINAL,1
I. Jawhar,PERSON,2
J. Netw,ORG,2
93–108,CARDINAL,1
N. Mohamed,PERSON,1
J. AlJaroodi,ORG,1
S. Zhang,PERSON,1
linear,ORG,2
Mobile,PERSON,1
UAVmounted,ORG,3
Prob,PERSON,1
L. Zhang,PERSON,1
Areas Commun,PERSON,2
Technol,PERSON,2
Q. Zhou,PERSON,1
IRIS,ORG,1
Appl,GPE,1
Soft Comput,PERSON,2
Gaussian,NORP,3
Learn,PERSON,1
Phoenix,GPE,1
J. Li,PERSON,1
Mobile Comput,PERSON,4
Syst,ORG,1
J. Lyu,PERSON,1
Y. Zeng,PERSON,8
R. Zhang,PERSON,8
604–607,CARDINAL,1
May 2013,DATE,1
Autom,GPE,7
Tokyo,GPE,1
1–11,CARDINAL,1
3949–3963,CARDINAL,1
16,DATE,2
Cambridge,GPE,2
F. Remondino,PERSON,1
1–7,CARDINAL,2
E. Frazzoli,PERSON,4
J. Syst,PERSON,1
454,CARDINAL,1
Ph.D.,WORK_OF_ART,1
Adaptive,ORG,1
Sci,PERSON,1
Mech,PERSON,1
G J. Aerosp,PERSON,1
J. Aerosp,ORG,1
Automatica,PERSON,1
Comparison,ORG,1
European,NORP,1
W. Saad,PERSON,3
Concepts,PERSON,1
GPU,ORG,1
M. Bennis,PERSON,1
R. Kumar,PERSON,1
1975,DATE,1
D. Ghose,PERSON,1
2004,DATE,1
456,CARDINAL,1
Cambridge University Press,ORG,1
J. Robot,PERSON,1
1999,DATE,1
Adv,PERSON,1
46,DATE,2
J. Liu,PERSON,1
Earth,LOC,1
Signal Process,ORG,1
UAVenabled,ORG,1
36–42,CARDINAL,1
C. Zhang,PERSON,1
Precis,PERSON,1
693–712,CARDINAL,1
J. Chen,PERSON,1
458,CARDINAL,1
8,CARDINAL,1
Earth,LOC,2
"University of California,",ORG,1
California,GPE,7
Australia,GPE,2
Cambridge University,ORG,1
Cambridge,GPE,1
UK,GPE,1
Perth,GPE,1
2013,DATE,2
2018,DATE,3
56,CARDINAL,1
2021,DATE,14
recent years,DATE,1
2019,DATE,4
2017,DATE,5
ﬁeld,PERSON,16
20,CARDINAL,1
2020,DATE,1
1998,DATE,1
two,CARDINAL,9
6,DATE,12
Aalborg University Library,ORG,12
Wiley Online Library,ORG,24
OA,ORG,12
Creative Commons License,PERSON,12
200,CARDINAL,3
three,CARDINAL,4
1,CARDINAL,5
eight,CARDINAL,11
2,CARDINAL,5
3,CARDINAL,9
100,CARDINAL,3
1000,CARDINAL,9
600,CARDINAL,11
Fig,PERSON,21
1b,CARDINAL,1
82,CARDINAL,1
third,ORDINAL,1
2015,DATE,3
NVIDIA GeForce,ORG,1
4000,CARDINAL,6
12,CARDINAL,1
6.6,CARDINAL,1
22,CARDINAL,1
day,DATE,1
100%,PERCENT,1
hundreds,CARDINAL,1
3000,CARDINAL,5
6,CARDINAL,8
GPS,ORG,2
4.1,CARDINAL,1
four,CARDINAL,3
41,CARDINAL,1
250,CARDINAL,1
3.2,CARDINAL,1
10,CARDINAL,4
NASA,ORG,5
2–3,CARDINAL,1
Table 1,FAC,4
Four,CARDINAL,1
one,CARDINAL,1
0.5,CARDINAL,2
5,CARDINAL,3
second,ORDINAL,1
4,CARDINAL,3
1.0,CARDINAL,3
145,CARDINAL,1
9,CARDINAL,1
"10,000",CARDINAL,1
4.,CARDINAL,1
1080,CARDINAL,1
6.,CARDINAL,1
7,CARDINAL,1
2016,DATE,1
CA,ORG,1
NVIDIA,ORG,1
Data Availability Statement,ORG,1
D.,NORP,1
2nd,ORDINAL,1
https://doi.org/10,ORG,1
Li,PERSON,2
Tang,PERSON,2
ACM,ORG,1
K.,NORP,1
J.,ORG,12
2022,DATE,3
22,CARDINAL,2
10.3390,CARDINAL,1
23,CARDINAL,2
February 2022,DATE,1
Licensee MDPI,PERSON,1
Basel,GPE,1
Switzerland,GPE,6
Canada,GPE,2
M.B.,GPE,1
2,CARDINAL,11
5,CARDINAL,18
1,CARDINAL,26
1–7,CARDINAL,1
six,CARDINAL,1
second,ORDINAL,2
22,DATE,1
10,CARDINAL,3
2017,DATE,4
11,CARDINAL,2
three,CARDINAL,1
First,ORDINAL,2
Second,ORDINAL,2
GPSdenied,ORG,2
BVLOS,ORG,14
12,CARDINAL,4
Section 2,LAW,1
Section 3,LAW,1
Sections,GPE,1
Section 7,LAW,1
Drones,ORG,1
2.1,CARDINAL,1
13,CARDINAL,3
2.2,CARDINAL,1
4,CARDINAL,16
Mi,ORG,2
3,CARDINAL,13
B.,NORP,5
B.,PERSON,3
802.11,CARDINAL,1
2.3,CARDINAL,1
14,CARDINAL,2
17,CARDINAL,2
18,CARDINAL,2
19,CARDINAL,2
20,CARDINAL,2
21,CARDINAL,2
1b,CARDINAL,1
3,DATE,2
Saudi Arabia,GPE,1
24,CARDINAL,2
25,CARDINAL,2
3.1,CARDINAL,1
3.2,CARDINAL,1
al.,GPE,1
29,CARDINAL,2
30,CARDINAL,2
31,CARDINAL,2
32,CARDINAL,2
33,CARDINAL,2
34,CARDINAL,2
Eykholt,PERSON,1
35,CARDINAL,2
Table 1,FAC,1
third,ORDINAL,1
36,CARDINAL,2
37,CARDINAL,2
3.3,CARDINAL,1
one,CARDINAL,3
4.1,CARDINAL,1
4.2,CARDINAL,1
Equation,ORG,3
≥,PERSON,3
0,CARDINAL,7
Z,ORG,1
4.3,CARDINAL,1
at least one,CARDINAL,1
1 −,CARDINAL,2
5.1,CARDINAL,1
GPS,ORG,1
5.2,CARDINAL,1
47,CARDINAL,2
two,CARDINAL,1
1 −,MONEY,2
5.3,CARDINAL,1
50,CARDINAL,3
6,CARDINAL,6
6.1,CARDINAL,1
6.2,CARDINAL,1
51,CARDINAL,5
7,CARDINAL,5
≥,GPE,1
node,GPE,1
more than one,CARDINAL,2
6.3,CARDINAL,1
VLOS,ORG,2
7.1,CARDINAL,1
7.2,CARDINAL,1
59,CARDINAL,2
66,CARDINAL,2
QoS,PERSON,1
8,CARDINAL,2
Data Availability Statement,ORG,1
Conﬂicts of Interest,ORG,1
R.,NORP,7
2014,DATE,3
30,DATE,1
R.M.,PERSON,2
T.B.,GPE,1
Technol,PERSON,5
Mag,PERSON,4
2020,DATE,11
15,DATE,3
2019,DATE,13
China,GPE,2
pp.,GPE,16
M.E.,GPE,1
Lozano,PERSON,1
2021,DATE,8
91,DATE,1
4,DATE,1
34,DATE,1
Marco,PERSON,1
G.,PERSON,6
Progress in Systems Engineering,ORG,1
Cham,GPE,5
2015,DATE,3
449–454,CARDINAL,1
D.,NORP,3
9,CARDINAL,1
Li,PERSON,3
X.,ORG,1
174,CARDINAL,1
Technical Report,ORG,1
K.,NORP,4
VA,GPE,1
USA,GPE,7
Tian,GPE,1
J.P.,ORG,1
Fourth,ORDINAL,1
15,CARDINAL,1
A.,ORG,1
16,CARDINAL,1
21,DATE,3
L.,ORG,1
NV,GPE,2
X.,PERSON,1
Ma,PERSON,2
Luo,GPE,1
J.,PERSON,1
Huang,PERSON,1
7,DATE,2
A.,NORP,5
M.R.,GPE,1
ADSB,ORG,1
24,DATE,1
3rd,ORDINAL,1
"Washington, DC,",GPE,1
Han,NORP,1
T.,GPE,5
Yang,GPE,1
B.S.,GPE,1
Tan,PERSON,1
Mech,PERSON,1
Signal Process,ORG,1
2007,DATE,1
Singapore,GPE,2
1994,DATE,1
43,CARDINAL,2
26,CARDINAL,1
Yang,PERSON,1
C.,NORP,5
W.,PERSON,1
Liang,PERSON,1
Chen,PERSON,3
Commun,PERSON,1
2018,DATE,8
56,DATE,1
27,CARDINAL,1
L.,PERSON,2
I.,ORG,3
Y.,PERSON,1
J. Commun,PERSON,1
Netw,ORG,1
20,DATE,1
28,CARDINAL,1
68,DATE,2
100,CARDINAL,1
Amsterdam,GPE,1
The Netherlands,GPE,1
Electron,ORG,1
Lett,PERSON,1
51,DATE,1
WA,GPE,1
Song,PERSON,1
the IEEE Conference on Computer Vision,ORG,1
Pattern Recognition,ORG,1
UT,GPE,1
FL,ORG,1
May 2017,DATE,1
38,CARDINAL,1
14,DATE,2
39,CARDINAL,1
255–270,CARDINAL,1
40,CARDINAL,1
61,DATE,1
41,CARDINAL,1
Kelly,PERSON,1
8,DATE,1
A.G.,GPE,1
424,CARDINAL,1
44,CARDINAL,1
45,CARDINAL,1
46,DATE,1
E.,ORG,1
6th,ORDINAL,1
France,GPE,1
48,CARDINAL,1
Italy,GPE,1
49,CARDINAL,1
Santos,GPE,1
Cambridge University,ORG,1
Cambridge,GPE,1
UK,GPE,1
52,CARDINAL,1
2002,DATE,1
53,CARDINAL,1
54,DATE,1
55,CARDINAL,1
56,CARDINAL,1
57,CARDINAL,1
58,CARDINAL,1
60,CARDINAL,1
Alouini,PERSON,2
M.S.,GPE,2
61,CARDINAL,1
62,CARDINAL,1
K.S.,GPE,1
Finland,GPE,1
63,CARDINAL,1
Ding,PERSON,3
Hassan,PERSON,3
J. Netw,ORG,1
64,CARDINAL,1
6,DATE,1
65,CARDINAL,1
Lin,PERSON,1
S.,ORG,2
Määttänen,PERSON,1
Gao,PERSON,1
Wang,ORG,1
Digital Object,ORG,1
IEEE,ORG,1
Tampa,GPE,4
USA,GPE,10
ﬁeld,PERSON,5
HDI,ORG,33
FAA,ORG,8
2022,DATE,2
1,CARDINAL,18
TABLE 1,LAW,1
2019,DATE,8
2,CARDINAL,15
6,CARDINAL,5
Humandrone,ORG,2
four,CARDINAL,7
Fig,PERSON,5
HRI,ORG,3
8,CARDINAL,4
HumanDrone Interaction,ORG,1
Today,DATE,1
9,CARDINAL,3
10,CARDINAL,10
11,CARDINAL,2
TABLE 2,LAW,1
56,CARDINAL,4
3,CARDINAL,17
Parrot,PERSON,2
API,ORG,1
12,CARDINAL,4
13,CARDINAL,4
14,CARDINAL,4
15,CARDINAL,6
Joggobot,PERSON,5
16,CARDINAL,7
Table 4,FAC,1
4.,CARDINAL,1
only two,CARDINAL,2
180,CARDINAL,1
2018,DATE,2
UAV,ORG,3
4,CARDINAL,16
"7, 2019",DATE,5
TABLE 3,LAW,1
TABLE 4,LAW,1
17,CARDINAL,4
TABLE 5,LAW,1
WoZ,WORK_OF_ART,2
18,CARDINAL,10
19,CARDINAL,8
second,ORDINAL,12
15,MONEY,1
216,CARDINAL,1
86%,PERCENT,2
26%,PERCENT,2
90%,PERCENT,1
95%,PERCENT,1
Chinese,NORP,7
China,GPE,2
American,NORP,5
20,CARDINAL,6
24,CARDINAL,4
two,CARDINAL,14
one,CARDINAL,5
39%,PERCENT,1
21,CARDINAL,2
22,CARDINAL,4
23,CARDINAL,4
25,CARDINAL,3
26,CARDINAL,2
27,CARDINAL,3
28,CARDINAL,2
TABLE 6,LAW,1
29,CARDINAL,4
30,CARDINAL,4
31,CARDINAL,2
Kalman,PERSON,1
32,CARDINAL,2
GCS,ORG,3
WiFi,PERSON,2
three,CARDINAL,8
ROS,ORG,1
33,CARDINAL,4
34,CARDINAL,3
more than one,CARDINAL,1
2010,DATE,1
2013,DATE,5
35,CARDINAL,3
2016,DATE,6
36,CARDINAL,2
37,CARDINAL,2
38,CARDINAL,2
39,CARDINAL,3
Table 8,LAW,1
TABLE 8,LAW,1
50,CARDINAL,2
half,CARDINAL,1
51,CARDINAL,2
42,CARDINAL,3
40,CARDINAL,2
5 minutes,TIME,2
7,CARDINAL,5
5,CARDINAL,5
52,CARDINAL,2
Two,CARDINAL,1
54,CARDINAL,2
55,CARDINAL,2
37%,PERCENT,1
47%,PERCENT,1
1.2,CARDINAL,1
16%,PERCENT,1
3.7,CARDINAL,2
50%,PERCENT,2
6%,PERCENT,1
57,CARDINAL,2
58,CARDINAL,2
sec,ORG,3
59,CARDINAL,2
Unity,ORG,1
60,CARDINAL,3
64,CARDINAL,3
Four,CARDINAL,2
61,CARDINAL,2
62,CARDINAL,2
63,CARDINAL,2
D.,NORP,1
66,CARDINAL,3
60%,PERCENT,1
4th,ORDINAL,1
80%,PERCENT,1
67,CARDINAL,3
68,CARDINAL,4
69,CARDINAL,4
Tokyo,GPE,1
70,CARDINAL,2
71,CARDINAL,2
200,CARDINAL,1
72,CARDINAL,2
73,CARDINAL,3
74,CARDINAL,2
Three,CARDINAL,1
82,CARDINAL,1
75,CARDINAL,3
76,CARDINAL,2
77,CARDINAL,1
79,CARDINAL,2
80,CARDINAL,2
CHALLENGES,ORG,1
Section 2,LAW,1
Over half,CARDINAL,1
Federal Aviation Administration,ORG,2
Proc,GPE,50
Conf,PERSON,6
Cham,GPE,2
Switzerland,GPE,2
2014,DATE,13
pp.,GPE,44
255–270,CARDINAL,1
Proc.,GPE,1
Aug. 2014,DATE,2
P. Rudol,PERSON,1
Intell,PERSON,1
Berlin,GPE,2
Germany,GPE,2
2007,DATE,1
AnnandaleonHudson,ORG,1
NY,GPE,1
Tech,GPE,2
Nov. 2017,DATE,1
2011,DATE,3
172–186,CARDINAL,1
Amazon,ORG,2
2012,DATE,1
2017,DATE,4
2015,DATE,10
ACM,ORG,7
Mobile,PERSON,1
I. Jawhar,PERSON,1
N. Mohamed,PERSON,1
Commun,PERSON,2
Technol,PERSON,5
May 2015,DATE,1
Univ,PERSON,1
Florida,GPE,1
FL,ORG,4
Kinect,ORG,1
C. Sampedro,PERSON,1
P. Campoy,PERSON,1
Aircr,GPE,1
ICUAS,ORG,1
Jun.,PERSON,1
Mar. 2014,DATE,4
Autom,GPE,2
ICRA,GPE,2
May/Jun. 2017,DATE,1
Robots Syst,PERSON,1
IROS,ORG,1
Nov. 2013,DATE,1
F. Caballero,PERSON,1
A. Ollero,PERSON,1
2nd,CARDINAL,1
NV,GPE,1
The Netherlands:,GPE,1
2009,DATE,1
HCI,ORG,2
IEEE Trans,ORG,3
48,CARDINAL,2
Learn,PERSON,1
41,CARDINAL,1
43,CARDINAL,1
Comput.,WORK_OF_ART,2
44,CARDINAL,1
H. Wang,PERSON,1
C. Zhang,PERSON,1
Unmanned Aerial Vehicle,ORG,1
no. 9,DATE,1
45,CARDINAL,1
2D,ORG,1
Ph.D.,WORK_OF_ART,3
The Netherlands,GPE,1
46,CARDINAL,1
Control Eng,ORG,1
Jpn,PERSON,1
47,CARDINAL,1
Lin,PERSON,1
Jiang,PERSON,1
M.S.,GPE,1
49,CARDINAL,1
J. Chen,PERSON,1
May 2010,DATE,1
pp,GPE,1
28–34,CARDINAL,1
6th,ORDINAL,1
Art,PERSON,1
358–365,CARDINAL,1
10th,ORDINAL,1
W. Saad,PERSON,3
M. Bennis,PERSON,2
M. Debbah,PERSON,2
3949–3963,CARDINAL,1
Paris,GPE,1
France,GPE,1
May 2017,DATE,1
11th,ORDINAL,2
65,CARDINAL,1
CHI,ORG,2
2nd,ORDINAL,1
5th,ORDINAL,2
TX,ORG,1
Research,ORG,1
Intel,ORG,2
Michael,PERSON,1
UAV,ORG,12
TSP,ORG,8
Kalman,PERSON,20
47%,PERCENT,3
1,CARDINAL,26
2,CARDINAL,42
3,CARDINAL,16
4,CARDINAL,11
5,CARDINAL,6
CA,ORG,2
USA,GPE,2
2022,DATE,19
106,CARDINAL,19
22,CARDINAL,11
23,CARDINAL,3
24,CARDINAL,4
25,CARDINAL,4
26,CARDINAL,3
27,CARDINAL,6
28,CARDINAL,4
29,CARDINAL,7
30,CARDINAL,2
Fig,PERSON,16
14,CARDINAL,11
22,DATE,2
31,CARDINAL,2
three,CARDINAL,7
6,CARDINAL,8
8,CARDINAL,5
9,CARDINAL,9
19,CARDINAL,20
2.1,CARDINAL,1
32,CARDINAL,3
Gaussian,NORP,4
7,CARDINAL,5
2.2,CARDINAL,1
33,CARDINAL,3
34,CARDINAL,2
one,CARDINAL,3
35,CARDINAL,3
first,ORDINAL,9
linear,ORG,4
15,CARDINAL,4
16,CARDINAL,8
18,CARDINAL,3
20,CARDINAL,7
36,CARDINAL,3
NPhard,ORG,1
38,CARDINAL,3
39,CARDINAL,3
UAV,PERSON,1
40,CARDINAL,5
41,CARDINAL,3
4th,ORDINAL,1
3rd,ORDINAL,2
46,CARDINAL,1
47,CARDINAL,2
48,CARDINAL,3
42,CARDINAL,5
44,CARDINAL,2
Bezier,PERSON,1
49,CARDINAL,1
50,CARDINAL,4
3.1,CARDINAL,1
N,ORG,2
3.2,CARDINAL,1
∈,PERSON,5
four,CARDINAL,1
3.3,CARDINAL,1
8),CARDINAL,1
10,CARDINAL,62
0,CARDINAL,6
Eq,GPE,28
9,DATE,1
51,DATE,1
52,CARDINAL,3
4.1,CARDINAL,2
3.4,CARDINAL,1
11,CARDINAL,2
12,CARDINAL,8
max,PERSON,5
4,DATE,1
13,CARDINAL,3
two,CARDINAL,8
First,ORDINAL,3
Σ,ORG,2
≤,PERSON,3
17,CARDINAL,6
53,CARDINAL,2
4.2,CARDINAL,1
54,CARDINAL,3
4.3,CARDINAL,4
5.2,CARDINAL,3
21,CARDINAL,2
W,ORG,3
Firstly,ORDINAL,1
Secondly,ORDINAL,2
5.1,CARDINAL,1
0.9,CARDINAL,1
2.7,CARDINAL,1
27,DATE,3
L2,CARDINAL,1
second,ORDINAL,2
≥,PERSON,1
Mi,ORG,2
55,CARDINAL,2
third,ORDINAL,2
6.1,CARDINAL,1
450,CARDINAL,1
zero,CARDINAL,1
RGB,ORG,1
19.2,CARDINAL,3
12,DATE,1
14,DATE,1
16,DATE,1
18,DATE,1
90%,PERCENT,4
100%,PERCENT,3
6.2,CARDINAL,2
Linear,ORG,11
2019,DATE,19
6.3,CARDINAL,1
56,CARDINAL,2
Max,PERSON,1
at least one,CARDINAL,2
50%,PERCENT,1
100,CARDINAL,7
Comparison,ORG,1
80,CARDINAL,1
Coverage,PRODUCT,1
100.0,CARDINAL,10
18.8,CARDINAL,1
11.3,CARDINAL,1
10.3,CARDINAL,2
4.4,CARDINAL,1
7.1,CARDINAL,1
3.0,CARDINAL,1
37,CARDINAL,2
Software,ORG,1
Open Access This article,WORK_OF_ART,1
Natalizio,GPE,2
J. Adv,PERSON,1
2017,DATE,13
E.,ORG,1
J.,ORG,4
43,CARDINAL,1
Netw,ORG,1
2018,DATE,7
J.M.,GPE,1
G.,PERSON,3
2016,DATE,9
A.,ORG,1
2021,DATE,2
I.,ORG,1
Environ,ORG,5
2012,DATE,8
1016,DATE,9
Autom,GPE,5
2010,DATE,3
70,CARDINAL,1
Automatica,PERSON,1
61,DATE,1
2015,DATE,10
08,CARDINAL,1
R.,NORP,4
C.,NORP,2
J.,PERSON,1
D.,NORP,9
S.,PERSON,2
F.,GPE,1
2002,DATE,1
127,CARDINAL,1
143,CARDINAL,1
2014,DATE,13
2013,DATE,2
B.,PERSON,2
Li,PERSON,1
184,CARDINAL,1
2011,DATE,3
Lin,PERSON,3
X.,PERSON,2
Ding,PERSON,2
Song,PERSON,1
L.,PERSON,5
Xu,PERSON,1
IEEE Trans,ORG,2
Yu,PERSON,2
American Control Conference,ORG,3
ACC,ORG,1
M.,NORP,1
IEEE,ORG,1
S.C.,GPE,1
Optimal,NORP,1
2020,DATE,4
76,DATE,1
Science and Systems,ORG,2
RSS,ORG,2
Zhao,PERSON,2
Y.,PERSON,1
Huang,PERSON,1
Ind.,GPE,1
Electron,ORG,2
Yang,PERSON,1
Hu,PERSON,1
Rathinam,GPE,2
S.,GPE,2
K.,NORP,8
Unmanned Aircraft Systems,ORG,1
ICUAS,ORG,2
Boyd,PERSON,1
Trans,ORG,1
57,CARDINAL,1
2008,DATE,2
Tang,PERSON,3
Portugal,GPE,1
IROS,ORG,4
J. Robot,PERSON,3
1986,DATE,1
304,CARDINAL,1
63,DATE,1
Liu,PERSON,4
S.,NORP,2
N.,ORG,1
M.,GPE,1
Tong,GPE,1
Wang,PERSON,3
16th,ORDINAL,1
Advanced Robotics,GPE,1
45,CARDINAL,1
Lett,PERSON,1
Murray,GPE,1
R.M.,PERSON,1
1998,DATE,1
W.,PERSON,3
Gao,PERSON,2
Zhou,PERSON,1
F.,PERSON,1
C.,PERSON,1
51,CARDINAL,1
2016,CARDINAL,1
Chu,PERSON,1
2005,DATE,1
2006,DATE,1
Lee,PERSON,1
T.,GPE,1
N.H.,GPE,1
Control,ORG,1
CDC,ORG,2
Ph.D.,WORK_OF_ART,1
SLAM,ORG,1
Stanford University,ORG,1
2001,DATE,1
Stanford,ORG,1
Intel,ORG,1
UAVs,ORG,8
eight,CARDINAL,4
UAV,ORG,14
kmeans,NORP,5
1,CARDINAL,20
123,CARDINAL,17
2022,DATE,17
UAV,PERSON,3
two,CARDINAL,4
2,CARDINAL,15
3,CARDINAL,13
Sect.,GPE,1
4,CARDINAL,7
one,CARDINAL,3
9,CARDINAL,2
10,CARDINAL,3
11,CARDINAL,1
12,CARDINAL,3
13,CARDINAL,2
14,CARDINAL,2
15,CARDINAL,2
16,CARDINAL,2
17,CARDINAL,5
18,CARDINAL,2
19,CARDINAL,2
20,CARDINAL,3
21,CARDINAL,2
22,CARDINAL,2
23,CARDINAL,2
24,CARDINAL,2
25,CARDINAL,2
26,CARDINAL,2
27,CARDINAL,2
28,CARDINAL,2
29,CARDINAL,2
30,CARDINAL,2
3.1,CARDINAL,1
three,CARDINAL,2
32,CARDINAL,1
33,CARDINAL,1
34,CARDINAL,1
today,DATE,1
41,CARDINAL,2
42,CARDINAL,2
3.2,CARDINAL,1
more than one,CARDINAL,1
43,CARDINAL,2
Standard,ORG,2
64,CARDINAL,9
51,CARDINAL,11
52,CARDINAL,2
55,CARDINAL,2
UAS,ORG,4
60,CARDINAL,3
57,CARDINAL,3
8,CARDINAL,4
61,CARDINAL,2
51,DATE,3
62,CARDINAL,2
63,CARDINAL,2
Information,ORG,1
52,DATE,2
54,CARDINAL,2
Target,ORG,1
Eq,GPE,1
2–3,CARDINAL,1
Algorithm 1,FAC,1
3.3,CARDINAL,1
44,CARDINAL,1
45,CARDINAL,2
46,DATE,2
47,CARDINAL,2
48,CARDINAL,2
Algorithm 2,FAC,2
second,ORDINAL,2
third,ORDINAL,1
Algorithm 1,PRODUCT,3
Fig,PERSON,5
50,CARDINAL,1
Table 2,FAC,1
six,CARDINAL,3
Table 4,FAC,1
Table 5,LAW,1
Table 7,FAC,1
Algorithm 2,PRODUCT,1
4.1,CARDINAL,1
0,CARDINAL,7
Max,PERSON,1
720,CARDINAL,1
1.5,CARDINAL,1
10.5,CARDINAL,1
70,CARDINAL,1
0.8,CARDINAL,2
0.6,CARDINAL,2
0.4,CARDINAL,2
0.2,CARDINAL,1
0.5,CARDINAL,1
5,CARDINAL,2
0.505,CARDINAL,1
4.3,CARDINAL,1
Firstly,ORDINAL,1
four,CARDINAL,1
Table 8,FAC,1
26%,PERCENT,2
44%,PERCENT,2
12%,PERCENT,2
32%,PERCENT,1
40%,PERCENT,2
5%,PERCENT,1
6%,PERCENT,1
8%,PERCENT,2
33%,PERCENT,1
51%,PERCENT,1
16%,PERCENT,1
100%,PERCENT,1
39%,PERCENT,1
29%,PERCENT,1
37%,PERCENT,1
4%,PERCENT,3
52%,PERCENT,1
3%,PERCENT,1
47%,PERCENT,1
18%,PERCENT,1
65%,PERCENT,1
86%,PERCENT,1
15%,PERCENT,1
0.10,CARDINAL,11
0.90,CARDINAL,16
0.05,CARDINAL,10
0.85,CARDINAL,7
0.15,CARDINAL,1
1.00,CARDINAL,2
0.00,CARDINAL,1
4.00,CARDINAL,1
6.00,CARDINAL,1
2015,DATE,3
2020,DATE,17
1109,DATE,1
2019,DATE,11
Li,PERSON,1
6,CARDINAL,1
7,CARDINAL,1
https://doi.org/10,ORG,2
2010,DATE,5
Adaptive,ORG,1
10.1016,CARDINAL,1
2009,DATE,2
2017,DATE,7
2020,CARDINAL,1
2016,DATE,2
10.1109,CARDINAL,1
2021,DATE,2
UAVassisted,ORG,1
2018,DATE,5
1–6,DATE,1
Raspberry Pi,PERSON,1
1016,DATE,1
UAVenabled,ORG,1
2013,DATE,3
2013,CARDINAL,1
MA,GPE,1
Sun,ORG,1
IoT,ORG,2
31,CARDINAL,1
37,CARDINAL,1
Wiley,PERSON,1
39,CARDINAL,1
1989,DATE,1
40,CARDINAL,1
2001,DATE,2
Amsterdam,GPE,1
New York,GPE,1
1998,DATE,1
1996,DATE,1
1975,DATE,1
49,DATE,1
2007,DATE,1
54,DATE,1
5th,ORDINAL,1
55,DATE,1
Commun,PERSON,1
58,CARDINAL,1
6th,ORDINAL,1
59,CARDINAL,1
2011,DATE,2
328,CARDINAL,1
Digital Object,ORG,1
Unmanned Aerial Vehicles,ORG,2
1,CARDINAL,84
IEEE,ORG,2
6,CARDINAL,16
9,CARDINAL,11
Saudi Arabia,GPE,2
USA,GPE,24
Moscow,GPE,1
UAV,ORG,229
UAV,PERSON,63
2,CARDINAL,92
TABLE 1,LAW,1
TABLE 2,LAW,1
First,ORDINAL,5
7,CARDINAL,8
FANET,ORG,7
8,CARDINAL,18
UAVaided,ORG,1
the United States,GPE,7
10,CARDINAL,10
3,CARDINAL,93
4,CARDINAL,27
5,CARDINAL,18
8),CARDINAL,3
UAVs,ORG,50
UAVbased,ORG,13
two,CARDINAL,34
UAVenabled,ORG,2
Facebook,ORG,2
11,CARDINAL,10
12,CARDINAL,11
Laser,ORG,1
night,TIME,2
day,DATE,1
13,CARDINAL,12
14,CARDINAL,11
$127 billion,MONEY,1
2025,DATE,3
15,CARDINAL,10
North America,LOC,2
16,CARDINAL,11
17,CARDINAL,9
"7, 2019",DATE,16
2021,DATE,3
2016,DATE,19
18,CARDINAL,11
three,CARDINAL,16
2017,DATE,23
19,CARDINAL,6
20,CARDINAL,8
21,CARDINAL,6
22,CARDINAL,7
23,CARDINAL,5
Three,CARDINAL,1
SAR,ORG,25
41,CARDINAL,10
TABLE 3,LAW,1
42,CARDINAL,4
Firstly,ORDINAL,3
GCS,ORG,18
Secondly,ORDINAL,1
Thirdly,ORDINAL,1
43,CARDINAL,5
32,CARDINAL,6
one,CARDINAL,12
44,CARDINAL,2
45,CARDINAL,4
GPS,ORG,18
46,CARDINAL,2
47,CARDINAL,2
FAA,ORG,18
48,CARDINAL,2
49,CARDINAL,2
50,CARDINAL,9
D.,NORP,10
51,CARDINAL,3
Two,CARDINAL,2
52,CARDINAL,5
54,CARDINAL,2
55,CARDINAL,6
56,CARDINAL,5
57,CARDINAL,6
Convolutional Neural Network,ORG,2
CNN,ORG,2
QoS,PERSON,1
58,CARDINAL,9
59,CARDINAL,4
60,CARDINAL,5
24,CARDINAL,9
61,CARDINAL,4
62,CARDINAL,3
63,CARDINAL,3
64,CARDINAL,6
65,CARDINAL,6
66,CARDINAL,6
67,CARDINAL,10
second,ORDINAL,8
68,CARDINAL,3
69,CARDINAL,3
70,CARDINAL,2
30,CARDINAL,9
71,CARDINAL,2
72,CARDINAL,2
73,CARDINAL,2
ﬁeld,PERSON,7
700,CARDINAL,1
third,ORDINAL,3
74,CARDINAL,3
75,CARDINAL,2
Earth,LOC,1
76,CARDINAL,4
77,CARDINAL,1
79,CARDINAL,4
80,CARDINAL,2
recent years,DATE,1
81,CARDINAL,4
TABLE 5,LAW,1
82,CARDINAL,3
83,CARDINAL,2
84,CARDINAL,4
85,CARDINAL,5
90,CARDINAL,3
Federal Aviation Administration,ORG,2
95,CARDINAL,2
96,CARDINAL,2
97,CARDINAL,3
2D,ORG,2
Intel,ORG,2
98,CARDINAL,4
One,CARDINAL,6
99,CARDINAL,2
Canada,GPE,1
1994,DATE,2
100,CARDINAL,3
101,CARDINAL,2
• Limited,ORG,2
94,CARDINAL,3
102,CARDINAL,4
91,CARDINAL,6
103,CARDINAL,2
87,CARDINAL,3
104,CARDINAL,2
• More,PRODUCT,7
105,CARDINAL,5
106,CARDINAL,3
107,CARDINAL,2
108,CARDINAL,3
109,CARDINAL,3
110,CARDINAL,2
111,CARDINAL,3
119,CARDINAL,6
four,CARDINAL,7
120,CARDINAL,2
121,CARDINAL,2
122,CARDINAL,2
123,CARDINAL,2
124,CARDINAL,2
125,CARDINAL,2
126,CARDINAL,2
127,CARDINAL,3
128,CARDINAL,3
129,CARDINAL,2
Australia,GPE,2
130,CARDINAL,2
131,CARDINAL,2
132,CARDINAL,2
Germany,GPE,3
133,CARDINAL,2
Table 8,FAC,1
134,CARDINAL,2
112,CARDINAL,3
135,CARDINAL,3
118,CARDINAL,4
136,CARDINAL,3
113,CARDINAL,2
137,CARDINAL,2
138,CARDINAL,1
139,CARDINAL,4
140,CARDINAL,2
141,CARDINAL,6
142,CARDINAL,2
143,CARDINAL,2
TABLE 8,LAW,1
144,CARDINAL,2
145,CARDINAL,2
146,CARDINAL,2
•,PRODUCT,7
147,CARDINAL,2
152,CARDINAL,2
the Federal Aviation Administration,ORG,1
153,CARDINAL,2
154,CARDINAL,3
155,CARDINAL,3
WiFi,PERSON,4
156,CARDINAL,2
2015,DATE,22
157,CARDINAL,2
158,CARDINAL,2
Amazon,ORG,4
159,CARDINAL,2
160,CARDINAL,2
161,CARDINAL,2
162,CARDINAL,2
163,CARDINAL,2
164,CARDINAL,2
165,CARDINAL,2
GPU,ORG,1
166,CARDINAL,2
167,CARDINAL,5
168,CARDINAL,4
169,CARDINAL,16
170,CARDINAL,3
171,CARDINAL,2
172,CARDINAL,3
173,CARDINAL,2
174,CARDINAL,3
al.,GPE,31
175,CARDINAL,3
Four,CARDINAL,1
kmeans,NORP,1
176,CARDINAL,3
177,CARDINAL,2
178,CARDINAL,2
RFID,ORG,1
179,CARDINAL,2
Chen et al,PERSON,1
180,CARDINAL,4
320,CARDINAL,1
280,CARDINAL,3
181,CARDINAL,2
182,CARDINAL,3
183,CARDINAL,3
0,DATE,1
90,DATE,1
270,CARDINAL,3
184,CARDINAL,2
185,CARDINAL,2
186,CARDINAL,2
25,CARDINAL,7
26,DATE,1
27,CARDINAL,4
187,CARDINAL,3
TABLE 9,LAW,1
26,CARDINAL,2
188,CARDINAL,6
Unmanned Aircraft Systems,ORG,2
UAS,ORG,5
20%,PERCENT,1
189,CARDINAL,2
Table 10,CARDINAL,1
US,GPE,3
190,CARDINAL,3
191,CARDINAL,2
192,CARDINAL,2
193,CARDINAL,5
194,CARDINAL,3
2019,DATE,6
195,CARDINAL,2
Congress,ORG,2
196,CARDINAL,2
197,CARDINAL,2
198,CARDINAL,2
EU,ORG,1
UK,GPE,1
Second,ORDINAL,2
199,CARDINAL,3
Algorithm 1,FAC,1
Calculate,ORG,1
200,CARDINAL,2
2009,DATE,7
2010,DATE,6
202,CARDINAL,2
IoT,ORG,2
201,CARDINAL,2
eight,CARDINAL,1
40,CARDINAL,6
six,CARDINAL,1
203,CARDINAL,2
204,CARDINAL,2
205,CARDINAL,2
206,CARDINAL,2
207,CARDINAL,2
208,CARDINAL,3
209,CARDINAL,2
210,CARDINAL,1
28,CARDINAL,5
211,CARDINAL,2
212,CARDINAL,2
213,CARDINAL,4
214,CARDINAL,3
senseandavoid,ORG,1
29,CARDINAL,3
215,CARDINAL,2
216,CARDINAL,2
217,CARDINAL,3
31,CARDINAL,4
3%,PERCENT,1
34,CARDINAL,4
33,CARDINAL,2
35,CARDINAL,5
218,CARDINAL,3
219,CARDINAL,4
220,CARDINAL,2
221,CARDINAL,2
36,CARDINAL,4
Gaussian,NORP,1
222,CARDINAL,2
Urban,ORG,1
Comparison,ORG,2
8),DATE,1
14,DATE,1
37,CARDINAL,4
223,CARDINAL,2
224,CARDINAL,2
225,CARDINAL,2
226,CARDINAL,2
227,CARDINAL,2
228,CARDINAL,2
229,CARDINAL,2
230,CARDINAL,2
231,CARDINAL,2
232,CARDINAL,2
233,CARDINAL,2
234,CARDINAL,2
235,CARDINAL,2
236,CARDINAL,2
only one,CARDINAL,1
237,CARDINAL,2
238,CARDINAL,2
at least one,CARDINAL,1
239,CARDINAL,2
240,CARDINAL,2
241,CARDINAL,3
242,CARDINAL,2
243,CARDINAL,2
244,CARDINAL,3
245,CARDINAL,2
246,CARDINAL,6
38,CARDINAL,4
260,CARDINAL,8
WiFi,ORG,1
263,CARDINAL,2
261,CARDINAL,4
264,CARDINAL,2
265,CARDINAL,6
266,CARDINAL,2
268,CARDINAL,2
269,CARDINAL,2
271,CARDINAL,2
272,CARDINAL,2
273,CARDINAL,2
90%,PERCENT,1
80%,PERCENT,1
802.11,CARDINAL,1
277,CARDINAL,2
more than one,CARDINAL,1
278,CARDINAL,2
279,CARDINAL,2
linear,ORG,1
39,CARDINAL,4
Third,ORDINAL,1
285,CARDINAL,2
286,CARDINAL,3
290,CARDINAL,2
291,CARDINAL,2
292,CARDINAL,2
296,CARDINAL,2
297,CARDINAL,2
298,CARDINAL,2
299,CARDINAL,2
300,CARDINAL,2
301,CARDINAL,2
302,CARDINAL,2
303,CARDINAL,2
304,CARDINAL,2
305,CARDINAL,2
306,CARDINAL,2
307,CARDINAL,2
309,CARDINAL,4
310,CARDINAL,3
311,CARDINAL,3
312,CARDINAL,2
313,CARDINAL,2
314,CARDINAL,2
315,CARDINAL,2
316,CARDINAL,2
318,CARDINAL,3
321,CARDINAL,3
CHALLENGES,ORG,1
ADSB,ORG,3
MPC,ORG,2
328,CARDINAL,2
329,CARDINAL,2
LLT,ORG,1
333,CARDINAL,2
MAC,ORG,1
344,CARDINAL,2
TCP,ORG,1
346,CARDINAL,2
350,CARDINAL,3
352,CARDINAL,2
353,CARDINAL,2
354,CARDINAL,2
358,CARDINAL,5
UDP,ORG,1
363,CARDINAL,2
Unmanned Aerial Systems,ORG,1
364,CARDINAL,2
node,GPE,1
TX,ORG,6
0,CARDINAL,2
Unmanned Aerial Vehicle,ORG,2
Sensor Networks,PERSON,2
R. Jain,PERSON,1
G. Vaszkun,PERSON,1
2nd,CARDINAL,3
W. Saad,PERSON,7
M. Bennis,PERSON,7
M. Debbah,PERSON,7
2018,DATE,14
Alouini,PERSON,3
Y. Zeng,PERSON,6
R. Zhang,PERSON,5
Mag,PERSON,13
pp.,GPE,137
36–42,CARDINAL,1
Progress in Systems Engineering,ORG,1
449–454,CARDINAL,1
Cambridge,GPE,2
MA,GPE,2
Tech,GPE,9
Proc,GPE,84
Jun.,PERSON,16
NASA,ORG,3
2014,DATE,13
AnnandaleonHudson,ORG,1
NY,GPE,2
Global Report,ORG,1
FL,ORG,3
CRC Press,ORG,2
28–34,CARDINAL,1
S. Kandeepan,PERSON,1
Conf,PERSON,37
Cham,GPE,4
Switzerland,GPE,4
2013,DATE,11
2012,DATE,15
Electron,ORG,5
Commun,PERSON,20
J.,PERSON,4
2001,DATE,1
European,NORP,1
2005,DATE,2
Nov. 2013,DATE,2
Mar. 2014,DATE,2
IEEE Trans,ORG,32
Technol,PERSON,21
Jpn,PERSON,1
2003,DATE,6
Google,ORG,1
11th,ORDINAL,1
2011,DATE,8
J. Adv,PERSON,3
P. Rudol,PERSON,1
Intell,PERSON,1
Berlin,GPE,2
2007,DATE,8
1st,ORDINAL,1
Syst,ORG,2
Appl,GPE,1
Drones,PERSON,2
Ph.D.,WORK_OF_ART,12
Univ,PERSON,2
Denver,GPE,2
"CO, USA",ORG,1
720,CARDINAL,1
Netherlands,GPE,1
Kinect,ORG,1
C. Schmid,PERSON,1
2004,DATE,3
Lett,PERSON,9
661–667,CARDINAL,1
C. Sampedro,PERSON,1
P. Campoy,PERSON,2
Geophys,PERSON,1
Art,PERSON,1
Lin,PERSON,1
Lee,PERSON,3
Remote Sensing,PERSON,1
pp,GPE,6
150,CARDINAL,2
R. Kumar,PERSON,3
S. Singh,PERSON,1
J. Liu,PERSON,1
J. Commun,PERSON,1
no. 9,DATE,4
86,CARDINAL,1
88,CARDINAL,1
89,CARDINAL,1
J. Zhang,PERSON,1
Mach,PERSON,1
Aircr,GPE,4
ICUAS,ORG,4
May 2013,DATE,1
92,CARDINAL,1
93,CARDINAL,1
Field,GPE,1
2008,DATE,7
Precis,PERSON,3
Comput.,WORK_OF_ART,2
1–11,CARDINAL,1
114,CARDINAL,1
115,CARDINAL,1
116,CARDINAL,1
117,CARDINAL,1
F. Remondino,PERSON,1
2000,DATE,3
Wang,PERSON,1
Zhao,PERSON,2
PLoS ONE,PERSON,1
WA,GPE,1
70,DATE,2
1995,DATE,1
76,DATE,1
693–712,CARDINAL,1
148,CARDINAL,1
149,CARDINAL,1
151,CARDINAL,1
VA,GPE,1
New York,GPE,2
Autom,GPE,2
10.3390,CARDINAL,1
Manhattan,GPE,1
Shin,PERSON,1
J. Syst,PERSON,1
Transp,WORK_OF_ART,2
Florida,GPE,1
Tampa,GPE,1
Mobile Comput,PERSON,2
N. Mohamed,PERSON,2
I. Jawhar,PERSON,2
1993,DATE,1
"Washington, DC,",GPE,3
I. Maza,PERSON,1
F. Caballero,PERSON,1
A. Ollero,PERSON,2
J. Intell,PERSON,4
J.,ORG,2
Adv,PERSON,1
Mater,PERSON,1
436,CARDINAL,1
A. ElKeyi,PERSON,3
H. Yanikomeroglu,PERSON,7
J. AlJaroodi,ORG,1
S. Zhang,PERSON,2
J. Netw,ORG,3
93–108,CARDINAL,1
Areas Commun,PERSON,1
J. Lyu,PERSON,2
Y. Li,PERSON,1
Netw,ORG,3
London,GPE,2
May 2017,DATE,3
Proc.,GPE,3
13th,ORDINAL,1
Nov. 2017,DATE,3
3949–3963,CARDINAL,1
Optimal,NORP,1
UAVmounted,ORG,1
604–607,CARDINAL,1
J. Distrib,PERSON,1
Määttänen,PERSON,1
247,CARDINAL,2
Aug. 2014,DATE,1
248,CARDINAL,1
249,CARDINAL,1
250,CARDINAL,1
Markov,PERSON,1
Signal Process,ORG,1
251,CARDINAL,1
252,CARDINAL,1
Yu,PERSON,2
Chen,PERSON,3
May 2010,DATE,2
253,CARDINAL,1
254,CARDINAL,1
255,CARDINAL,1
256,CARDINAL,1
257,CARDINAL,1
258,CARDINAL,1
259,CARDINAL,1
262,CARDINAL,1
IEEE Netw,ORG,1
267,CARDINAL,1
274,CARDINAL,1
275,CARDINAL,1
276,CARDINAL,1
L. Zhang,PERSON,1
281,CARDINAL,1
282,CARDINAL,1
283,CARDINAL,1
284,CARDINAL,1
10.1016,CARDINAL,4
287,CARDINAL,1
Y. Kim,PERSON,1
289,CARDINAL,1
May 2015,DATE,1
293,CARDINAL,1
294,CARDINAL,1
295,CARDINAL,1
Gao,PERSON,1
2013,CARDINAL,1
H. Wang,PERSON,1
R. Siegwart,PERSON,1
Robots Syst,PERSON,3
R.,NORP,2
May/Jun. 2017,DATE,1
Ind.,GPE,1
India,GPE,1
J. Robot,PERSON,1
1986,DATE,2
UT,GPE,1
Kalman,PERSON,1
D. Ghose,PERSON,1
Control Eng,ORG,1
Boston,GPE,1
317,CARDINAL,1
IROS,ORG,2
319,CARDINAL,1
J. Field Robot,ORG,1
IRIS,ORG,1
The Netherlands:,GPE,1
China,GPE,1
Concepts,PERSON,1
18th,ORDINAL,1
14th,ORDINAL,1
Tech,ORG,1
Han,NORP,1
6th,ORDINAL,1
361,CARDINAL,1
J. Aerosp,ORG,1
362,CARDINAL,1
ACM,ORG,2
4th,ORDINAL,1
B.S.,GPE,5
M.S.,GPE,7
Malaysia,GPE,2
2006,DATE,3
1998,DATE,1
nine,CARDINAL,1
more than 400,CARDINAL,1
Wiley,PERSON,1
